ID,Category,Final Score,Skill Score,Semantic Score
12144825,AVIATION,49.58,50.0,49.3
50328713,ENGINEERING,45.64,50.0,42.73
62994611,AGRICULTURE,42.64,37.5,46.07
12011623,ENGINEERING,42.57,25.0,54.28
22946204,AUTOMOBILE,41.14,25.0,51.9
11813872,AGRICULTURE,40.59,25.0,50.99
83816738,INFORMATION-TECHNOLOGY,40.52,25.0,50.87
27152464,ENGINEERING,40.07,37.5,41.78
20566550,ENGINEERING,37.85,25.0,46.41
23464505,AVIATION,36.96,25.0,44.94
18448085,AUTOMOBILE,36.43,37.5,35.72
12415691,DESIGNER,35.16,25.0,41.93
41152404,BPO,35.05,12.5,50.08
22488036,FITNESS,35.04,25.0,41.73
20674668,INFORMATION-TECHNOLOGY,34.55,25.0,40.91
32985311,ENGINEERING,33.63,25.0,39.39
34953092,BANKING,33.51,25.0,39.19
82246962,ENGINEERING,33.07,25.0,38.45
39441617,CONSULTANT,33.0,25.0,38.34
11890896,ENGINEERING,32.4,12.5,45.67
13405733,INFORMATION-TECHNOLOGY,31.82,25.0,36.36
24643412,CONSULTANT,31.82,12.5,44.7
37242217,INFORMATION-TECHNOLOGY,31.56,12.5,44.26
28505854,ENGINEERING,30.65,12.5,42.75
26480367,INFORMATION-TECHNOLOGY,30.4,12.5,42.33
19396040,ENGINEERING,30.15,12.5,41.91
26456899,ENGINEERING,30.07,12.5,41.79
24647794,ENGINEERING,29.89,0.0,49.81
85101052,DESIGNER,29.82,25.0,33.04
29196643,CONSULTANT,29.73,12.5,41.21
99124477,BANKING,29.71,12.5,41.19
21297521,BANKING,29.66,50.0,16.1
93349646,CONSULTANT,29.5,12.5,40.83
26746496,INFORMATION-TECHNOLOGY,29.47,12.5,40.78
18457785,BANKING,29.45,12.5,40.75
15602094,CONSULTANT,29.43,12.5,40.72
14593060,CONSULTANT,29.22,12.5,40.36
43378989,CONSULTANT,29.1,12.5,40.17
95429627,CONSULTANT,29.09,25.0,31.82
14871762,BUSINESS-DEVELOPMENT,28.86,25.0,31.44
12472574,ENGINEERING,28.85,12.5,39.75
21156767,CONSULTANT,28.8,25.0,31.34
43311839,CONSULTANT,28.71,12.5,39.52
28790806,AUTOMOBILE,28.71,12.5,39.52
20574232,CONSULTANT,28.6,12.5,39.34
30968749,DESIGNER,28.57,12.5,39.29
16186411,INFORMATION-TECHNOLOGY,28.55,12.5,39.25
10751444,DESIGNER,28.53,12.5,39.22
30097175,ENGINEERING,28.49,12.5,39.15
21298336,ENGINEERING,28.19,0.0,46.98
22351830,CONSULTANT,27.99,12.5,38.31
56691064,ENGINEERING,27.84,0.0,46.4
15083600,CONSULTANT,27.78,25.0,29.64
42156237,DIGITAL-MEDIA,27.74,25.0,29.56
20001721,INFORMATION-TECHNOLOGY,27.7,12.5,37.83
12635195,INFORMATION-TECHNOLOGY,27.67,12.5,37.79
33141415,CONSTRUCTION,27.61,0.0,46.02
21366189,CONSULTANT,27.25,12.5,37.08
25397102,BUSINESS-DEVELOPMENT,27.2,25.0,28.67
51588273,ENGINEERING,27.18,12.5,36.96
26291616,CONSULTANT,27.0,12.5,36.67
90867631,INFORMATION-TECHNOLOGY,26.92,12.5,36.53
13454871,CONSULTANT,26.91,12.5,36.52
25718772,AVIATION,26.85,0.0,44.75
28126340,INFORMATION-TECHNOLOGY,26.78,12.5,36.3
12763627,INFORMATION-TECHNOLOGY,26.71,12.5,36.19
33381211,INFORMATION-TECHNOLOGY,26.59,12.5,35.99
41506705,DESIGNER,26.52,0.0,44.2
36434348,INFORMATION-TECHNOLOGY,26.23,12.5,35.39
54227873,ENGINEERING,26.22,12.5,35.36
29975124,INFORMATION-TECHNOLOGY,26.2,12.5,35.34
10265057,INFORMATION-TECHNOLOGY,26.17,25.0,26.95
79541391,INFORMATION-TECHNOLOGY,26.1,12.5,35.17
27606527,BANKING,26.08,12.5,35.13
55595908,ENGINEERING,26.05,0.0,43.42
17823436,BANKING,26.0,12.5,35.0
39247950,BANKING,25.97,12.5,34.95
12374933,CONSULTANT,25.88,12.5,34.8
51724595,CONSULTANT,25.86,12.5,34.76
14049846,ENGINEERING,25.63,0.0,42.72
11919526,DESIGNER,25.55,12.5,34.25
18024825,FINANCE,25.46,12.5,34.1
13586069,CONSULTANT,25.39,12.5,33.98
26341645,AUTOMOBILE,25.39,12.5,33.98
15281412,CONSULTANT,25.27,12.5,33.79
24610685,SALES,25.22,12.5,33.7
57002858,INFORMATION-TECHNOLOGY,25.06,12.5,33.43
28320387,ENGINEERING,25.0,0.0,41.67
22776912,INFORMATION-TECHNOLOGY,24.86,12.5,33.1
11887930,AUTOMOBILE,24.82,0.0,41.37
11580408,INFORMATION-TECHNOLOGY,24.75,12.5,32.91
10089434,INFORMATION-TECHNOLOGY,24.69,12.5,32.81
27040860,ENGINEERING,24.53,0.0,40.89
25797445,ENGINEERING,24.53,0.0,40.89
26071861,ADVOCATE,24.43,12.5,32.38
38535335,ENGINEERING,24.41,0.0,40.69
18442517,DIGITAL-MEDIA,24.4,12.5,32.34
18365443,HEALTHCARE,24.36,12.5,32.27
18301617,INFORMATION-TECHNOLOGY,24.36,12.5,32.27
22232367,AVIATION,24.31,25.0,23.85
45475027,CONSTRUCTION,24.14,0.0,40.24
30863060,CONSULTANT,24.03,12.5,31.72
27419236,DIGITAL-MEDIA,23.92,12.5,31.54
71422121,BANKING,23.86,12.5,31.43
21038022,ENGINEERING,23.8,12.5,31.34
83338413,ARTS,23.74,0.0,39.56
16877897,HR,23.73,12.5,31.21
55953734,ENGINEERING,23.67,12.5,31.12
11584809,INFORMATION-TECHNOLOGY,23.66,0.0,39.44
76010167,DESIGNER,23.65,0.0,39.42
22259768,CONSULTANT,23.62,0.0,39.36
19612167,ENGINEERING,23.57,0.0,39.29
10840430,INFORMATION-TECHNOLOGY,23.53,0.0,39.22
30223363,INFORMATION-TECHNOLOGY,23.51,12.5,30.85
18297650,HR,23.3,12.5,30.5
10839851,INFORMATION-TECHNOLOGY,23.23,0.0,38.71
40018190,INFORMATION-TECHNOLOGY,23.2,0.0,38.66
39413067,INFORMATION-TECHNOLOGY,23.15,12.5,30.25
10641230,INFORMATION-TECHNOLOGY,23.15,0.0,38.58
13964744,BPO,23.13,12.5,30.21
98348532,BANKING,23.08,12.5,30.13
91635250,INFORMATION-TECHNOLOGY,23.05,0.0,38.42
34317538,DESIGNER,22.99,12.5,29.99
30344127,APPAREL,22.94,0.0,38.23
22890839,ENGINEERING,22.94,12.5,29.9
26341987,DIGITAL-MEDIA,22.83,12.5,29.71
24322804,ENGINEERING,22.82,0.0,38.04
67406885,CONSULTANT,22.82,0.0,38.03
32563518,HEALTHCARE,22.82,12.5,29.7
15651486,INFORMATION-TECHNOLOGY,22.81,12.5,29.69
20026169,AVIATION,22.81,0.0,38.02
81011612,DESIGNER,22.71,12.5,29.51
17926546,ENGINEERING,22.69,0.0,37.81
11957080,INFORMATION-TECHNOLOGY,22.65,12.5,29.42
13385306,INFORMATION-TECHNOLOGY,22.65,12.5,29.42
29051656,INFORMATION-TECHNOLOGY,22.61,12.5,29.35
86209934,ENGINEERING,22.58,0.0,37.64
35737840,ENGINEERING,22.57,0.0,37.62
20824105,INFORMATION-TECHNOLOGY,22.57,12.5,29.28
51639418,INFORMATION-TECHNOLOGY,22.56,12.5,29.26
28628090,ENGINEERING,22.56,0.0,37.6
16911115,ENGINEERING,22.55,0.0,37.59
10030015,ENGINEERING,22.52,0.0,37.53
29524570,DESIGNER,22.51,12.5,29.18
27798860,TEACHER,22.45,0.0,37.41
10041713,CONSTRUCTION,22.42,12.5,29.03
47549345,ENGINEERING,22.39,0.0,37.31
34657584,DESIGNER,22.39,0.0,37.32
62071407,ENGINEERING,22.38,0.0,37.3
37335325,ENGINEERING,22.35,12.5,28.91
10219099,ENGINEERING,22.33,0.0,37.22
15145575,BPO,22.27,0.0,37.12
15139979,ENGINEERING,22.26,0.0,37.1
12518008,ENGINEERING,22.25,0.0,37.09
25719936,AVIATION,22.22,0.0,37.04
22650051,AVIATION,22.1,0.0,36.83
12546838,BUSINESS-DEVELOPMENT,22.0,12.5,28.33
38314236,ENGINEERING,21.93,0.0,36.55
17108676,ENGINEERING,21.92,0.0,36.54
44115326,ADVOCATE,21.92,12.5,28.2
21847415,ENGINEERING,21.91,0.0,36.52
28005884,ENGINEERING,21.87,0.0,36.45
31694970,ENGINEERING,21.82,12.5,28.03
74236636,ENGINEERING,21.81,0.0,36.35
99680385,AUTOMOBILE,21.79,0.0,36.32
19201175,INFORMATION-TECHNOLOGY,21.73,0.0,36.21
51508889,AUTOMOBILE,21.69,12.5,27.82
32773331,CONSTRUCTION,21.68,0.0,36.14
43720116,AVIATION,21.66,12.5,27.76
18187364,INFORMATION-TECHNOLOGY,21.63,12.5,27.72
20314980,CONSULTANT,21.63,12.5,27.72
32042584,BUSINESS-DEVELOPMENT,21.61,12.5,27.68
39776400,DESIGNER,21.58,0.0,35.96
10562768,APPAREL,21.57,0.0,35.95
30397268,CONSTRUCTION,21.54,0.0,35.9
39855211,ENGINEERING,21.45,0.0,35.75
18067556,INFORMATION-TECHNOLOGY,21.41,25.0,19.02
82738323,AVIATION,21.35,0.0,35.58
91189201,CONSULTANT,21.3,12.5,27.17
47276718,ENGINEERING,21.3,0.0,35.5
31243710,INFORMATION-TECHNOLOGY,21.26,12.5,27.1
44185767,DESIGNER,21.23,0.0,35.38
65062795,CONSULTANT,21.22,12.5,27.03
57706851,BPO,21.19,12.5,26.99
25959103,INFORMATION-TECHNOLOGY,21.18,12.5,26.96
70089206,INFORMATION-TECHNOLOGY,20.99,12.5,26.65
73030450,ARTS,20.98,0.0,34.96
31111279,INFORMATION-TECHNOLOGY,20.98,12.5,26.63
29208172,BUSINESS-DEVELOPMENT,20.91,0.0,34.85
23438227,ENGINEERING,20.9,0.0,34.83
28630325,ENGINEERING,20.87,0.0,34.78
77156708,BANKING,20.86,12.5,26.44
31217840,CONSULTANT,20.85,12.5,26.42
69458502,AVIATION,20.8,0.0,34.66
10176815,AVIATION,20.8,0.0,34.67
27536013,INFORMATION-TECHNOLOGY,20.74,12.5,26.24
14150896,ARTS,20.72,0.0,34.53
28035460,INFORMATION-TECHNOLOGY,20.71,0.0,34.51
15858254,ENGINEERING,20.71,0.0,34.52
29595906,AVIATION,20.69,0.0,34.48
26509539,CONSTRUCTION,20.68,0.0,34.47
10176013,CONSTRUCTION,20.66,0.0,34.43
24508725,HR,20.63,0.0,34.39
28762662,ENGINEERING,20.58,0.0,34.3
35389360,ENGINEERING,20.5,0.0,34.16
26622051,DESIGNER,20.48,0.0,34.13
18354623,DIGITAL-MEDIA,20.47,0.0,34.11
12654876,CONSTRUCTION,20.46,0.0,34.1
47603843,CHEF,20.45,0.0,34.08
12043694,AVIATION,20.45,0.0,34.09
12351749,SALES,20.45,0.0,34.09
27981289,DIGITAL-MEDIA,20.41,0.0,34.02
31536294,AVIATION,20.39,0.0,33.99
65352424,ARTS,20.35,0.0,33.92
16103783,PUBLIC-RELATIONS,20.34,0.0,33.9
64755882,ENGINEERING,20.25,0.0,33.75
30594821,ARTS,20.21,0.0,33.69
17111768,INFORMATION-TECHNOLOGY,20.2,12.5,25.33
29647215,CONSULTANT,20.17,12.5,25.28
20748929,BUSINESS-DEVELOPMENT,20.13,12.5,25.21
25930778,ENGINEERING,20.13,0.0,33.55
14517953,CONSULTANT,20.12,0.0,33.54
23234047,ENGINEERING,20.02,0.0,33.37
19161572,CONSULTANT,19.97,0.0,33.28
10624813,ENGINEERING,19.95,25.0,16.59
39252859,DESIGNER,19.95,0.0,33.25
17570634,CONSTRUCTION,19.94,0.0,33.23
11650031,CONSTRUCTION,19.9,0.0,33.16
29825044,BUSINESS-DEVELOPMENT,19.87,0.0,33.11
20966771,PUBLIC-RELATIONS,19.87,0.0,33.12
68460556,INFORMATION-TECHNOLOGY,19.86,0.0,33.1
22450718,INFORMATION-TECHNOLOGY,19.86,0.0,33.1
31605080,AVIATION,19.85,0.0,33.08
30965258,DESIGNER,19.84,0.0,33.07
17252448,CONSTRUCTION,19.84,0.0,33.06
27770859,INFORMATION-TECHNOLOGY,19.82,0.0,33.04
28815362,CONSTRUCTION,19.81,0.0,33.02
37792474,SALES,19.81,0.0,33.02
29149998,HR,19.8,0.0,33.0
82125182,ENGINEERING,19.75,0.0,32.92
16849128,AGRICULTURE,19.69,0.0,32.82
31169070,CONSULTANT,19.65,12.5,24.41
36107065,PUBLIC-RELATIONS,19.62,12.5,24.37
13575312,HEALTHCARE,19.62,12.5,24.37
44145704,DESIGNER,19.61,0.0,32.69
10748989,DESIGNER,19.61,0.0,32.68
20024870,INFORMATION-TECHNOLOGY,19.53,12.5,24.22
11963737,ADVOCATE,19.5,12.5,24.17
60489316,BANKING,19.5,12.5,24.16
10247517,INFORMATION-TECHNOLOGY,19.49,12.5,24.15
25200253,BANKING,19.49,12.5,24.15
53227466,ARTS,19.47,0.0,32.45
39166680,DIGITAL-MEDIA,19.37,12.5,23.95
61065616,CONSTRUCTION,19.34,0.0,32.23
19532392,AGRICULTURE,19.33,12.5,23.88
81125166,ENGINEERING,19.32,0.0,32.2
17095812,BUSINESS-DEVELOPMENT,19.31,0.0,32.19
28897981,INFORMATION-TECHNOLOGY,19.27,0.0,32.12
14449423,ACCOUNTANT,19.14,12.5,23.56
25608963,ENGINEERING,19.14,0.0,31.9
25919149,ENGINEERING,19.13,0.0,31.89
18208580,BANKING,19.1,0.0,31.84
16509761,DIGITAL-MEDIA,19.1,0.0,31.84
25905275,INFORMATION-TECHNOLOGY,19.05,0.0,31.75
49685006,CONSTRUCTION,19.01,0.0,31.69
16899268,INFORMATION-TECHNOLOGY,18.98,0.0,31.64
63158213,BPO,18.97,0.0,31.62
20390397,DESIGNER,18.95,0.0,31.58
31684925,ENGINEERING,18.92,0.0,31.53
88907739,CONSULTANT,18.92,12.5,23.2
38457612,CONSULTANT,18.91,0.0,31.51
24083609,INFORMATION-TECHNOLOGY,18.89,0.0,31.49
31677347,ENGINEERING,18.85,0.0,31.41
19090468,HEALTHCARE,18.79,0.0,31.31
52618188,INFORMATION-TECHNOLOGY,18.79,0.0,31.32
18133495,PUBLIC-RELATIONS,18.77,12.5,22.95
27187994,CONSTRUCTION,18.74,0.0,31.24
24020470,INFORMATION-TECHNOLOGY,18.72,0.0,31.2
18795567,DESIGNER,18.7,0.0,31.16
29915354,DIGITAL-MEDIA,18.68,0.0,31.14
99561379,ARTS,18.68,0.0,31.13
10549585,FINANCE,18.68,0.0,31.14
29075857,INFORMATION-TECHNOLOGY,18.67,12.5,22.79
59962788,HR,18.67,12.5,22.78
24727739,BPO,18.65,0.0,31.08
28383893,AVIATION,18.65,0.0,31.09
21060367,ARTS,18.61,0.0,31.02
20253563,ACCOUNTANT,18.61,0.0,31.02
28803888,CONSTRUCTION,18.61,0.0,31.02
29999135,ACCOUNTANT,18.6,0.0,31.0
19506295,AVIATION,18.58,0.0,30.96
17686472,AVIATION,18.57,0.0,30.95
31813535,BUSINESS-DEVELOPMENT,18.56,0.0,30.94
23302948,CONSULTANT,18.56,0.0,30.93
20977412,FINANCE,18.55,12.5,22.59
66226673,ARTS,18.55,0.0,30.92
38165833,CONSULTANT,18.47,0.0,30.79
61579998,ENGINEERING,18.46,0.0,30.77
11959428,AVIATION,18.46,0.0,30.77
19397727,ENGINEERING,18.46,0.0,30.76
17115815,BUSINESS-DEVELOPMENT,18.46,0.0,30.76
23917826,ARTS,18.46,0.0,30.76
27888251,AGRICULTURE,18.41,0.0,30.69
98108571,SALES,18.41,0.0,30.69
27756469,ENGINEERING,18.39,0.0,30.65
24285142,DESIGNER,18.36,0.0,30.6
23477199,FITNESS,18.35,0.0,30.59
13907230,CONSTRUCTION,18.35,0.0,30.59
36331163,CONSTRUCTION,18.34,0.0,30.56
30542184,ENGINEERING,18.34,0.0,30.57
20324037,ADVOCATE,18.32,0.0,30.53
35990852,DESIGNER,18.31,12.5,22.19
17641670,INFORMATION-TECHNOLOGY,18.3,0.0,30.5
19796840,INFORMATION-TECHNOLOGY,18.28,12.5,22.14
21125113,DIGITAL-MEDIA,18.26,0.0,30.43
24061629,ARTS,18.26,0.0,30.43
29723311,CONSULTANT,18.26,0.0,30.44
29087505,CONSTRUCTION,18.25,0.0,30.42
22983516,CONSTRUCTION,18.22,0.0,30.37
28672970,INFORMATION-TECHNOLOGY,18.22,0.0,30.37
26069113,ARTS,18.19,0.0,30.32
57364820,CONSULTANT,18.19,0.0,30.31
18714571,HEALTHCARE,18.19,0.0,30.32
18835363,DESIGNER,18.19,0.0,30.32
28629430,ARTS,18.17,0.0,30.28
34544955,CONSTRUCTION,18.16,0.0,30.27
27372171,INFORMATION-TECHNOLOGY,18.14,0.0,30.24
15535920,CONSULTANT,18.13,0.0,30.21
24221960,CHEF,18.07,0.0,30.12
12239749,AVIATION,18.07,0.0,30.12
38946032,CONSTRUCTION,18.05,12.5,21.75
21629057,ENGINEERING,18.05,0.0,30.08
62555739,CHEF,18.04,0.0,30.07
23398843,TEACHER,18.04,0.0,30.07
29061628,CONSTRUCTION,18.02,0.0,30.03
52246737,INFORMATION-TECHNOLOGY,18.02,0.0,30.04
25328428,HEALTHCARE,18.01,0.0,30.01
27847081,HR,18.01,0.0,30.02
74849878,FINANCE,17.99,0.0,29.99
46260230,INFORMATION-TECHNOLOGY,17.97,0.0,29.95
10820510,CONSTRUCTION,17.96,0.0,29.93
14900898,CONSTRUCTION,17.96,0.0,29.93
18198627,DESIGNER,17.95,0.0,29.91
31273310,BUSINESS-DEVELOPMENT,17.94,0.0,29.9
25990239,INFORMATION-TECHNOLOGY,17.9,0.0,29.84
38896303,CONSULTANT,17.89,0.0,29.81
13557622,DESIGNER,17.88,0.0,29.8
20210676,DIGITAL-MEDIA,17.88,0.0,29.8
20237244,INFORMATION-TECHNOLOGY,17.86,0.0,29.76
37220856,ARTS,17.86,0.0,29.77
18488289,DIGITAL-MEDIA,17.85,0.0,29.75
72231872,HR,17.85,0.0,29.75
11020140,CONSULTANT,17.84,0.0,29.73
28923650,ENGINEERING,17.82,0.0,29.7
26013403,FINANCE,17.77,12.5,21.28
17025292,CONSULTANT,17.75,0.0,29.59
27529455,DESIGNER,17.74,0.0,29.56
10149490,CONSTRUCTION,17.74,0.0,29.57
24953921,DIGITAL-MEDIA,17.67,0.0,29.45
32081266,ENGINEERING,17.67,12.5,21.12
26888302,AVIATION,17.66,0.0,29.43
21287405,AVIATION,17.65,0.0,29.42
86828820,ENGINEERING,17.63,0.0,29.39
10251432,HEALTHCARE,17.63,0.0,29.38
95792386,CONSULTANT,17.6,12.5,21.0
28756444,CONSTRUCTION,17.59,0.0,29.32
17483843,AVIATION,17.59,0.0,29.32
27090089,HEALTHCARE,17.56,0.0,29.26
36517781,ENGINEERING,17.54,0.0,29.24
25061645,DESIGNER,17.54,0.0,29.24
52252936,APPAREL,17.54,0.0,29.23
33527446,ACCOUNTANT,17.53,0.0,29.22
30864828,DIGITAL-MEDIA,17.51,0.0,29.18
12693146,CONSTRUCTION,17.5,0.0,29.17
35651876,ENGINEERING,17.48,0.0,29.13
99433371,CONSTRUCTION,17.47,0.0,29.11
19717385,HR,17.47,0.0,29.11
18882984,CONSTRUCTION,17.44,0.0,29.07
20408458,INFORMATION-TECHNOLOGY,17.44,0.0,29.06
51363762,INFORMATION-TECHNOLOGY,17.43,0.0,29.05
50775901,AVIATION,17.43,0.0,29.05
22496394,DESIGNER,17.42,0.0,29.04
29990140,CHEF,17.41,0.0,29.01
17983430,AVIATION,17.41,0.0,29.02
19284293,AVIATION,17.4,0.0,29.0
38047274,AVIATION,17.39,0.0,28.98
18885231,SALES,17.39,0.0,28.98
13836471,INFORMATION-TECHNOLOGY,17.38,12.5,20.64
26202430,HR,17.35,0.0,28.91
90032884,CONSTRUCTION,17.35,0.0,28.91
31929166,DIGITAL-MEDIA,17.35,0.0,28.92
85766635,PUBLIC-RELATIONS,17.33,0.0,28.89
10228751,BUSINESS-DEVELOPMENT,17.31,0.0,28.85
37764298,INFORMATION-TECHNOLOGY,17.3,12.5,20.5
37001381,HEALTHCARE,17.3,0.0,28.83
21807224,ENGINEERING,17.29,0.0,28.81
18176523,INFORMATION-TECHNOLOGY,17.29,12.5,20.49
39835894,ENGINEERING,17.26,0.0,28.77
15941675,ENGINEERING,17.25,0.0,28.75
14528265,DESIGNER,17.23,0.0,28.71
31225895,APPAREL,17.22,0.0,28.7
29399491,SALES,17.21,0.0,28.69
16723524,APPAREL,17.2,0.0,28.67
23398733,CHEF,17.15,0.0,28.58
55097118,SALES,17.13,0.0,28.55
15180322,CHEF,17.13,0.0,28.55
34046031,BUSINESS-DEVELOPMENT,17.11,0.0,28.51
38663892,AVIATION,17.1,0.0,28.5
24668861,AVIATION,17.09,0.0,28.48
25080805,BANKING,17.09,0.0,28.48
32959732,INFORMATION-TECHNOLOGY,17.04,12.5,20.06
38750659,TEACHER,17.03,0.0,28.39
12192507,AVIATION,17.02,0.0,28.37
11169163,AVIATION,17.02,0.0,28.36
11187796,ARTS,17.02,0.0,28.36
17103000,ENGINEERING,17.01,0.0,28.35
16803215,ENGINEERING,16.99,0.0,28.32
17963031,HEALTHCARE,16.99,0.0,28.32
16223371,SALES,16.99,0.0,28.31
16356151,HEALTHCARE,16.93,0.0,28.21
13569152,CONSULTANT,16.93,0.0,28.21
10984392,CONSULTANT,16.91,0.0,28.18
21782152,CONSTRUCTION,16.91,0.0,28.19
10889157,CHEF,16.9,0.0,28.16
18757174,BUSINESS-DEVELOPMENT,16.9,0.0,28.17
20148147,ARTS,16.9,0.0,28.16
19336728,HR,16.87,0.0,28.12
18753367,ENGINEERING,16.87,0.0,28.12
22675694,DESIGNER,16.87,0.0,28.12
26046064,DESIGNER,16.86,0.0,28.1
28663949,DESIGNER,16.85,0.0,28.09
15226699,DIGITAL-MEDIA,16.84,0.0,28.06
27213082,BUSINESS-DEVELOPMENT,16.83,0.0,28.05
36856210,INFORMATION-TECHNOLOGY,16.83,0.0,28.05
62700506,DIGITAL-MEDIA,16.83,0.0,28.05
12547982,DESIGNER,16.79,0.0,27.98
26924514,DESIGNER,16.79,0.0,27.99
34141299,AGRICULTURE,16.77,0.0,27.95
56025640,APPAREL,16.75,0.0,27.91
14413257,APPAREL,16.73,0.0,27.88
11415967,CONSULTANT,16.71,0.0,27.85
93301686,DESIGNER,16.7,0.0,27.83
20565849,CONSTRUCTION,16.69,0.0,27.82
24550866,HEALTHCARE,16.69,0.0,27.81
29297393,CONSULTANT,16.67,0.0,27.79
91051945,ADVOCATE,16.66,0.0,27.77
28831378,ENGINEERING,16.66,0.0,27.77
29134721,SALES,16.65,0.0,27.75
37521676,BUSINESS-DEVELOPMENT,16.64,0.0,27.74
19975121,FITNESS,16.64,0.0,27.74
21283733,DESIGNER,16.62,0.0,27.7
16288901,DESIGNER,16.61,0.0,27.69
60004873,ENGINEERING,16.61,0.0,27.69
12890045,CONSTRUCTION,16.59,0.0,27.65
25422388,DESIGNER,16.58,0.0,27.63
17189156,BANKING,16.57,0.0,27.61
38565119,DESIGNER,16.56,0.0,27.6
28951817,CONSULTANT,16.55,12.5,19.25
89512321,BPO,16.55,0.0,27.59
20981299,ENGINEERING,16.55,0.0,27.58
26496059,DESIGNER,16.55,0.0,27.58
73075521,CONSULTANT,16.53,0.0,27.55
78149576,DESIGNER,16.51,0.0,27.52
16449694,AVIATION,16.51,0.0,27.51
14743911,DESIGNER,16.51,0.0,27.51
21780877,INFORMATION-TECHNOLOGY,16.51,0.0,27.51
25207620,INFORMATION-TECHNOLOGY,16.5,0.0,27.5
91318828,DIGITAL-MEDIA,16.5,0.0,27.5
14589288,AVIATION,16.5,0.0,27.5
21868149,AGRICULTURE,16.49,0.0,27.48
18036030,CHEF,16.48,0.0,27.46
14267489,SALES,16.48,0.0,27.46
20932019,DESIGNER,16.47,0.0,27.45
24588864,ADVOCATE,16.45,0.0,27.42
93459677,CONSULTANT,16.44,0.0,27.4
20879311,INFORMATION-TECHNOLOGY,16.44,12.5,19.07
10395944,AVIATION,16.43,0.0,27.38
17488801,ENGINEERING,16.41,0.0,27.35
13149176,ENGINEERING,16.41,0.0,27.35
30288581,ENGINEERING,16.4,0.0,27.33
22605864,ENGINEERING,16.4,0.0,27.34
24913648,INFORMATION-TECHNOLOGY,16.39,0.0,27.31
20176584,CONSULTANT,16.37,0.0,27.29
93988900,HEALTHCARE,16.36,0.0,27.26
25023614,DESIGNER,16.35,0.0,27.25
11393213,CONSTRUCTION,16.33,0.0,27.21
32518109,CHEF,16.33,0.0,27.21
91121135,INFORMATION-TECHNOLOGY,16.32,0.0,27.2
28998957,APPAREL,16.32,12.5,18.86
12695537,CONSTRUCTION,16.31,0.0,27.19
51349448,SALES,16.3,0.0,27.16
97169343,HEALTHCARE,16.29,0.0,27.15
12230301,BUSINESS-DEVELOPMENT,16.29,0.0,27.15
29193505,CONSTRUCTION,16.29,0.0,27.15
33241454,INFORMATION-TECHNOLOGY,16.27,0.0,27.12
44624796,ENGINEERING,16.27,0.0,27.11
23818675,CONSTRUCTION,16.25,0.0,27.09
24068423,AGRICULTURE,16.25,0.0,27.09
32308556,HR,16.25,0.0,27.08
28078163,ENGINEERING,16.24,0.0,27.06
36569713,TEACHER,16.24,0.0,27.07
26691587,APPAREL,16.24,0.0,27.07
26530696,SALES,16.24,12.5,18.73
20882041,ENGINEERING,16.23,0.0,27.05
13215696,CONSULTANT,16.23,0.0,27.05
20490741,DIGITAL-MEDIA,16.22,0.0,27.03
38897568,BANKING,16.22,0.0,27.04
28206098,ADVOCATE,16.21,0.0,27.01
11605833,HEALTHCARE,16.21,0.0,27.01
23522150,AUTOMOBILE,16.21,0.0,27.02
51432451,CONSULTANT,16.2,12.5,18.66
13915715,PUBLIC-RELATIONS,16.2,0.0,27.0
81508860,DIGITAL-MEDIA,16.2,0.0,27.0
36805025,BUSINESS-DEVELOPMENT,16.18,0.0,26.96
59818742,FINANCE,16.18,0.0,26.96
15210069,AUTOMOBILE,16.18,0.0,26.96
91153752,DESIGNER,16.16,0.0,26.94
47317494,CHEF,16.16,0.0,26.93
28471099,ARTS,16.16,0.0,26.94
91515108,AUTOMOBILE,16.15,0.0,26.92
43408471,AVIATION,16.09,0.0,26.82
27502951,AVIATION,16.04,0.0,26.73
17847636,ADVOCATE,16.03,0.0,26.71
26503829,DESIGNER,16.01,0.0,26.68
24833063,FINANCE,15.99,0.0,26.65
39908485,CONSTRUCTION,15.98,0.0,26.63
12202337,ACCOUNTANT,15.98,0.0,26.64
36149549,ENGINEERING,15.98,0.0,26.63
11842348,BANKING,15.94,12.5,18.23
28063132,TEACHER,15.94,0.0,26.56
11183737,BPO,15.93,0.0,26.55
11137306,AVIATION,15.91,0.0,26.52
36136569,APPAREL,15.89,0.0,26.48
26829561,APPAREL,15.88,0.0,26.47
11188218,ADVOCATE,15.86,0.0,26.44
57667857,HR,15.86,0.0,26.43
79570655,CONSULTANT,15.86,0.0,26.43
77828437,ENGINEERING,15.86,0.0,26.43
98300955,HEALTHCARE,15.85,12.5,18.09
10553553,INFORMATION-TECHNOLOGY,15.84,12.5,18.07
55104715,SALES,15.84,12.5,18.07
29775391,CHEF,15.83,0.0,26.38
32977530,HR,15.83,0.0,26.38
28745844,HEALTHCARE,15.82,0.0,26.37
70198580,AVIATION,15.82,0.0,26.36
18132924,ACCOUNTANT,15.81,12.5,18.02
13774329,DESIGNER,15.8,0.0,26.33
16924279,CONSTRUCTION,15.8,0.0,26.33
13087952,TEACHER,15.79,0.0,26.31
38355831,AVIATION,15.79,0.0,26.31
21586858,CONSTRUCTION,15.78,0.0,26.3
28939941,ACCOUNTANT,15.77,0.0,26.29
15581242,SALES,15.77,0.0,26.28
24349611,ARTS,15.75,0.0,26.25
34304175,ARTS,15.74,0.0,26.24
27018361,FINANCE,15.74,0.0,26.24
96029688,ENGINEERING,15.73,0.0,26.22
19553067,ENGINEERING,15.73,0.0,26.22
34303500,SALES,15.71,0.0,26.18
24799301,ACCOUNTANT,15.71,0.0,26.18
23666211,INFORMATION-TECHNOLOGY,15.71,0.0,26.19
10945968,AVIATION,15.71,0.0,26.18
49127329,ENGINEERING,15.7,0.0,26.17
87826037,AVIATION,15.7,0.0,26.16
12085736,DIGITAL-MEDIA,15.69,12.5,17.81
26834746,ENGINEERING,15.68,0.0,26.13
19176318,BANKING,15.68,12.5,17.8
54246169,AGRICULTURE,15.68,0.0,26.13
38216888,AGRICULTURE,15.68,0.0,26.14
27850777,BUSINESS-DEVELOPMENT,15.68,0.0,26.14
20628003,DIGITAL-MEDIA,15.67,0.0,26.12
26585242,HEALTHCARE,15.67,12.5,17.79
27066370,CONSTRUCTION,15.67,0.0,26.11
64468610,ENGINEERING,15.67,0.0,26.12
11847784,HR,15.66,0.0,26.1
23752500,ARTS,15.66,0.0,26.1
35172961,ENGINEERING,15.65,0.0,26.08
17688766,INFORMATION-TECHNOLOGY,15.64,12.5,17.74
16244633,ARTS,15.61,0.0,26.01
25047127,AUTOMOBILE,15.61,0.0,26.01
41950126,ARTS,15.61,0.0,26.01
11441764,FINANCE,15.61,12.5,17.69
22093368,FITNESS,15.58,0.0,25.97
12212468,CONSTRUCTION,15.58,0.0,25.96
91697974,INFORMATION-TECHNOLOGY,15.55,0.0,25.92
27295996,INFORMATION-TECHNOLOGY,15.55,12.5,17.58
27921561,DIGITAL-MEDIA,15.54,0.0,25.9
27710853,BPO,15.52,0.0,25.87
37664296,DESIGNER,15.52,0.0,25.86
23761385,AVIATION,15.51,0.0,25.85
12839152,CONSTRUCTION,15.51,0.0,25.85
89413122,INFORMATION-TECHNOLOGY,15.5,0.0,25.84
21867728,ARTS,15.49,0.0,25.82
29091445,HR,15.49,0.0,25.81
31395742,CONSULTANT,15.48,0.0,25.8
16533554,INFORMATION-TECHNOLOGY,15.47,0.0,25.79
11409460,APPAREL,15.44,0.0,25.73
29894080,CONSTRUCTION,15.43,0.0,25.72
25425322,ENGINEERING,15.42,0.0,25.7
23063986,FITNESS,15.42,0.0,25.7
23719943,APPAREL,15.41,0.0,25.69
23011221,FITNESS,15.41,0.0,25.69
69360287,AGRICULTURE,15.4,0.0,25.67
27902692,AVIATION,15.38,0.0,25.64
18825446,CHEF,15.38,0.0,25.64
24544244,AVIATION,15.37,0.0,25.61
20905088,APPAREL,15.36,0.0,25.6
26091595,CONSTRUCTION,15.35,0.0,25.59
3547447,BANKING,15.35,0.0,25.59
10985403,ENGINEERING,15.35,0.0,25.59
67582956,DESIGNER,15.34,0.0,25.57
16378091,CONSTRUCTION,15.32,0.0,25.54
19851252,AGRICULTURE,15.31,0.0,25.52
17704246,SALES,15.31,0.0,25.52
13418452,APPAREL,15.3,0.0,25.5
27726066,CONSULTANT,15.29,0.0,25.49
12613221,HEALTHCARE,15.28,0.0,25.47
16833515,AVIATION,15.27,0.0,25.45
27058381,INFORMATION-TECHNOLOGY,15.26,0.0,25.43
29839396,BANKING,15.25,12.5,17.08
10100240,CONSTRUCTION,15.24,0.0,25.4
27835351,CONSTRUCTION,15.23,0.0,25.38
80679862,DIGITAL-MEDIA,15.22,0.0,25.37
20806155,HR,15.2,0.0,25.34
85417107,HEALTHCARE,15.2,0.0,25.34
12526702,CONSULTANT,15.19,0.0,25.32
35971546,CONSTRUCTION,15.18,0.0,25.3
42641525,AVIATION,15.16,0.0,25.27
10969918,FITNESS,15.16,0.0,25.26
26671167,HR,15.15,0.0,25.25
79432080,ARTS,15.14,0.0,25.24
37348041,ADVOCATE,15.13,0.0,25.22
23408537,HR,15.12,0.0,25.2
95625660,BPO,15.11,0.0,25.18
26673507,BANKING,15.11,0.0,25.18
67645662,DESIGNER,15.1,0.0,25.16
28198029,SALES,15.1,0.0,25.17
38225199,FINANCE,15.1,0.0,25.17
25187733,CONSTRUCTION,15.08,0.0,25.14
11155153,DESIGNER,15.08,0.0,25.13
16846478,BUSINESS-DEVELOPMENT,15.07,0.0,25.12
12045067,INFORMATION-TECHNOLOGY,15.07,0.0,25.11
14508237,AUTOMOBILE,15.04,0.0,25.07
24709432,CHEF,15.04,0.0,25.07
19179079,HR,15.04,0.0,25.06
62312955,DESIGNER,15.03,0.0,25.05
33627938,AVIATION,15.03,0.0,25.05
10281555,CONSTRUCTION,15.02,0.0,25.03
59777056,FINANCE,15.02,0.0,25.04
29612672,FINANCE,15.02,0.0,25.04
17655479,AVIATION,14.99,0.0,24.99
38220146,ENGINEERING,14.96,0.0,24.93
27524018,TEACHER,14.96,0.0,24.94
75950464,ADVOCATE,14.96,0.0,24.93
11005406,DIGITAL-MEDIA,14.95,12.5,16.58
46772262,ADVOCATE,14.95,0.0,24.92
23864858,DIGITAL-MEDIA,14.95,12.5,16.58
20417897,HR,14.92,0.0,24.87
24580361,BANKING,14.91,0.0,24.85
33685075,ENGINEERING,14.91,0.0,24.85
93512385,ADVOCATE,14.89,0.0,24.81
78403342,ACCOUNTANT,14.88,0.0,24.8
90280583,ENGINEERING,14.87,0.0,24.78
18079050,CONSULTANT,14.87,0.0,24.79
26695839,HEALTHCARE,14.86,0.0,24.77
12938389,FITNESS,14.84,0.0,24.74
32802563,ENGINEERING,14.83,0.0,24.71
64589506,BANKING,14.83,0.0,24.72
41523474,HR,14.82,0.0,24.7
42384185,DESIGNER,14.8,0.0,24.67
64471954,HEALTHCARE,14.8,0.0,24.66
24889109,INFORMATION-TECHNOLOGY,14.79,0.0,24.65
15564893,CONSTRUCTION,14.79,0.0,24.65
18460045,DESIGNER,14.78,0.0,24.63
11480899,HR,14.78,0.0,24.64
22452756,AUTOMOBILE,14.78,0.0,24.63
26768723,INFORMATION-TECHNOLOGY,14.77,0.0,24.61
32531824,BUSINESS-DEVELOPMENT,14.77,0.0,24.62
23032182,SALES,14.77,0.0,24.61
12748557,ENGINEERING,14.75,0.0,24.58
18316239,HR,14.75,0.0,24.58
51209395,TEACHER,14.72,0.0,24.54
15484097,DIGITAL-MEDIA,14.7,0.0,24.5
47919212,ENGINEERING,14.69,0.0,24.49
25625173,AVIATION,14.68,0.0,24.47
22019500,CONSTRUCTION,14.66,0.0,24.43
37370455,ACCOUNTANT,14.65,0.0,24.41
10329506,BANKING,14.65,0.0,24.42
10712803,ENGINEERING,14.65,0.0,24.42
25213006,CONSULTANT,14.64,0.0,24.4
13195436,AVIATION,14.63,0.0,24.39
11981094,ENGINEERING,14.62,0.0,24.36
16203589,CONSTRUCTION,14.62,0.0,24.36
36102323,AGRICULTURE,14.61,0.0,24.35
18824120,BANKING,14.61,0.0,24.35
21866029,HEALTHCARE,14.61,12.5,16.01
28989677,BANKING,14.61,0.0,24.35
17043822,ENGINEERING,14.61,0.0,24.35
28697203,INFORMATION-TECHNOLOGY,14.59,0.0,24.31
94230796,ARTS,14.57,0.0,24.29
32605413,CHEF,14.56,0.0,24.27
96457008,AVIATION,14.54,0.0,24.23
30999638,DIGITAL-MEDIA,14.54,0.0,24.23
21645690,BANKING,14.54,0.0,24.24
17659053,APPAREL,14.53,0.0,24.22
13909762,ADVOCATE,14.5,0.0,24.17
31638814,BUSINESS-DEVELOPMENT,14.48,0.0,24.14
27490876,HR,14.48,0.0,24.13
36861863,HEALTHCARE,14.47,0.0,24.11
38399177,CONSULTANT,14.47,0.0,24.12
36252245,AVIATION,14.45,0.0,24.08
12413512,ARTS,14.44,0.0,24.06
24402267,HR,14.44,0.0,24.06
39142536,BANKING,14.43,0.0,24.05
51777546,HEALTHCARE,14.42,0.0,24.04
24025053,HEALTHCARE,14.41,0.0,24.02
24740005,CONSTRUCTION,14.38,0.0,23.97
15823995,AVIATION,14.38,0.0,23.97
15553584,BANKING,14.37,0.0,23.95
24124250,ADVOCATE,14.36,0.0,23.93
36758947,ARTS,14.35,0.0,23.91
59403481,ACCOUNTANT,14.35,0.0,23.92
38698573,ADVOCATE,14.35,0.0,23.92
22848179,ARTS,14.35,0.0,23.92
29184740,SALES,14.34,0.0,23.9
20969845,FINANCE,14.34,0.0,23.9
80053367,ACCOUNTANT,14.33,0.0,23.89
63145386,CONSTRUCTION,14.33,0.0,23.88
22754014,PUBLIC-RELATIONS,14.32,0.0,23.87
56525735,CONSTRUCTION,14.29,0.0,23.82
37087824,FITNESS,14.27,0.0,23.78
48533663,CONSULTANT,14.26,0.0,23.77
38007664,BUSINESS-DEVELOPMENT,14.26,0.0,23.77
11752500,AVIATION,14.24,0.0,23.73
19911786,BANKING,14.24,0.0,23.74
21773106,TEACHER,14.24,0.0,23.74
14381464,SALES,14.24,0.0,23.73
27030979,HEALTHCARE,14.23,0.0,23.71
13080868,BUSINESS-DEVELOPMENT,14.22,0.0,23.7
37058472,DESIGNER,14.21,0.0,23.69
81761658,INFORMATION-TECHNOLOGY,14.21,0.0,23.69
25949631,DESIGNER,14.19,0.0,23.65
38707449,BPO,14.18,0.0,23.63
12904972,AVIATION,14.18,0.0,23.64
51769822,HR,14.17,0.0,23.61
22506245,DESIGNER,14.16,0.0,23.6
38753827,INFORMATION-TECHNOLOGY,14.16,0.0,23.6
93436805,CONSTRUCTION,14.15,0.0,23.58
14789139,INFORMATION-TECHNOLOGY,14.14,12.5,15.24
26790545,DESIGNER,14.14,0.0,23.56
11773767,ADVOCATE,14.13,0.0,23.55
15601399,ENGINEERING,14.12,0.0,23.54
58708773,TEACHER,14.11,0.0,23.52
22615491,BANKING,14.1,0.0,23.5
14287992,BUSINESS-DEVELOPMENT,14.1,0.0,23.5
22560013,PUBLIC-RELATIONS,14.07,0.0,23.45
29564653,HR,14.07,0.0,23.45
32532982,DESIGNER,14.07,0.0,23.45
13072019,ACCOUNTANT,14.06,0.0,23.44
13014900,DESIGNER,14.06,0.0,23.44
20553895,BUSINESS-DEVELOPMENT,14.06,0.0,23.43
11797122,AUTOMOBILE,14.05,0.0,23.41
19616406,HR,14.04,0.0,23.4
19738730,BUSINESS-DEVELOPMENT,14.04,0.0,23.4
15499825,HEALTHCARE,14.03,0.0,23.39
25547145,ACCOUNTANT,14.03,0.0,23.39
17378327,SALES,14.02,0.0,23.36
18472240,CONSTRUCTION,14.02,0.0,23.37
17407184,ACCOUNTANT,14.01,0.0,23.35
99714410,CONSULTANT,14.0,0.0,23.34
45077654,BPO,14.0,0.0,23.33
30163002,HR,13.99,0.0,23.31
71772815,SALES,13.99,0.0,23.32
12666174,CONSTRUCTION,13.99,0.0,23.32
25098739,CONSTRUCTION,13.99,0.0,23.32
15811992,BUSINESS-DEVELOPMENT,13.99,0.0,23.32
15423153,BUSINESS-DEVELOPMENT,13.99,0.0,23.32
19473948,SALES,13.99,0.0,23.32
43852883,APPAREL,13.98,0.0,23.3
13477922,INFORMATION-TECHNOLOGY,13.98,0.0,23.3
18293620,BUSINESS-DEVELOPMENT,13.96,0.0,23.27
65708020,BUSINESS-DEVELOPMENT,13.96,0.0,23.27
12695799,FITNESS,13.96,0.0,23.26
27120528,BANKING,13.96,0.0,23.27
25162378,BANKING,13.96,0.0,23.27
23864648,INFORMATION-TECHNOLOGY,13.95,0.0,23.25
69199666,HEALTHCARE,13.94,0.0,23.23
20925036,HR,13.94,0.0,23.23
22571461,CONSULTANT,13.93,0.0,23.21
91930382,HR,13.9,0.0,23.16
88651471,PUBLIC-RELATIONS,13.9,0.0,23.16
70892619,TEACHER,13.89,0.0,23.15
26921245,AGRICULTURE,13.88,0.0,23.13
63989974,AUTOMOBILE,13.87,0.0,23.12
25561640,ARTS,13.86,0.0,23.1
34465087,TEACHER,13.85,0.0,23.08
28243590,CONSULTANT,13.84,0.0,23.06
17312146,AGRICULTURE,13.84,0.0,23.06
53701275,PUBLIC-RELATIONS,13.84,0.0,23.07
98389424,AVIATION,13.82,0.0,23.03
16893572,DIGITAL-MEDIA,13.82,0.0,23.03
26125407,HEALTHCARE,13.82,0.0,23.04
31909493,DIGITAL-MEDIA,13.82,0.0,23.04
14708590,ADVOCATE,13.81,0.0,23.01
34758680,BANKING,13.78,12.5,14.64
60624892,HEALTHCARE,13.76,0.0,22.93
13520837,HR,13.76,0.0,22.93
22718826,CONSTRUCTION,13.76,0.0,22.93
51638201,CONSTRUCTION,13.75,0.0,22.92
42487883,ACCOUNTANT,13.75,0.0,22.91
72876163,BANKING,13.74,0.0,22.9
14146106,ADVOCATE,13.73,0.0,22.89
24946537,ADVOCATE,13.73,0.0,22.89
28974459,ADVOCATE,13.73,0.0,22.88
54101961,SALES,13.72,0.0,22.87
29329075,PUBLIC-RELATIONS,13.7,0.0,22.83
22720697,FINANCE,13.69,0.0,22.81
24854026,FINANCE,13.68,12.5,14.47
37695494,DESIGNER,13.68,0.0,22.8
36621169,SALES,13.68,0.0,22.8
41344156,INFORMATION-TECHNOLOGY,13.67,12.5,14.45
93002334,HR,13.67,0.0,22.78
25780596,BANKING,13.66,0.0,22.76
14861855,BUSINESS-DEVELOPMENT,13.66,0.0,22.77
56792999,CONSULTANT,13.66,0.0,22.77
22561438,CHEF,13.66,0.0,22.76
27485716,INFORMATION-TECHNOLOGY,13.64,0.0,22.73
36970996,SALES,13.64,0.0,22.74
23032276,CHEF,13.64,0.0,22.74
24416961,AGRICULTURE,13.62,0.0,22.7
24574164,DIGITAL-MEDIA,13.61,0.0,22.68
18827609,HR,13.6,0.0,22.66
16300459,BANKING,13.59,0.0,22.65
32980197,BANKING,13.59,0.0,22.65
71576860,CONSTRUCTION,13.59,0.0,22.65
24953126,CONSTRUCTION,13.58,0.0,22.63
15765660,SALES,13.57,12.5,14.28
23497307,ENGINEERING,13.56,0.0,22.6
15791766,INFORMATION-TECHNOLOGY,13.56,0.0,22.6
14611516,PUBLIC-RELATIONS,13.56,12.5,14.26
16332348,ADVOCATE,13.55,0.0,22.59
99806115,APPAREL,13.55,0.0,22.58
18072085,FINANCE,13.54,0.0,22.56
25157655,ARTS,13.54,0.0,22.57
54308684,APPAREL,13.53,0.0,22.55
14206561,ENGINEERING,13.52,0.0,22.53
19831366,CHEF,13.51,0.0,22.52
25953797,CHEF,13.51,0.0,22.52
91478356,HEALTHCARE,13.51,0.0,22.52
49777184,CONSULTANT,13.51,0.0,22.51
25974844,HEALTHCARE,13.51,0.0,22.51
18752129,INFORMATION-TECHNOLOGY,13.5,0.0,22.5
10873344,PUBLIC-RELATIONS,13.5,0.0,22.5
75286906,ACCOUNTANT,13.49,0.0,22.49
25846894,ACCOUNTANT,13.49,0.0,22.48
22182279,ARTS,13.49,0.0,22.49
21007083,APPAREL,13.48,0.0,22.47
54100393,ARTS,13.46,0.0,22.43
21756639,BANKING,13.45,0.0,22.42
13998435,DESIGNER,13.43,0.0,22.39
30563572,HR,13.41,0.0,22.35
37640804,ADVOCATE,13.41,0.0,22.35
18979238,DESIGNER,13.4,0.0,22.33
32025286,CONSTRUCTION,13.39,0.0,22.31
51681660,DESIGNER,13.38,0.0,22.3
14225422,HR,13.38,0.0,22.3
80503242,ADVOCATE,13.37,12.5,13.95
17555081,DESIGNER,13.37,0.0,22.28
14496667,ACCOUNTANT,13.37,0.0,22.28
31547476,CHEF,13.36,0.0,22.27
24770846,CONSTRUCTION,13.35,0.0,22.25
26958533,HEALTHCARE,13.33,0.0,22.22
29221006,AVIATION,13.32,0.0,22.2
15353911,DIGITAL-MEDIA,13.32,0.0,22.2
29930479,TEACHER,13.32,0.0,22.2
39115899,ACCOUNTANT,13.32,12.5,13.86
34252537,CHEF,13.31,0.0,22.18
22965804,CONSTRUCTION,13.3,0.0,22.16
23323001,BANKING,13.3,0.0,22.17
21321598,PUBLIC-RELATIONS,13.3,0.0,22.16
73077810,HR,13.3,0.0,22.16
29028935,APPAREL,13.27,0.0,22.11
14126433,ACCOUNTANT,13.27,0.0,22.11
35564026,BANKING,13.26,0.0,22.1
28669770,FITNESS,13.26,0.0,22.1
89197180,BUSINESS-DEVELOPMENT,13.26,0.0,22.1
19070271,APPAREL,13.24,0.0,22.06
28165687,AGRICULTURE,13.24,0.0,22.07
19926135,ADVOCATE,13.24,0.0,22.07
27024099,ARTS,13.24,0.0,22.06
23591247,CHEF,13.24,0.0,22.06
34712719,PUBLIC-RELATIONS,13.22,0.0,22.04
94417768,DESIGNER,13.21,0.0,22.01
27496514,HR,13.21,0.0,22.02
20705888,FINANCE,13.21,0.0,22.01
23617240,HEALTHCARE,13.19,0.0,21.98
24710433,PUBLIC-RELATIONS,13.19,0.0,21.99
74512244,FINANCE,13.18,0.0,21.96
17864043,HEALTHCARE,13.18,0.0,21.97
33023370,CONSTRUCTION,13.18,0.0,21.96
15118506,INFORMATION-TECHNOLOGY,13.18,0.0,21.96
21283365,INFORMATION-TECHNOLOGY,13.18,0.0,21.96
16121015,SALES,13.18,0.0,21.96
29167286,AVIATION,13.16,0.0,21.94
22323967,HR,13.15,0.0,21.91
28711616,ARTS,13.15,0.0,21.91
47487091,AUTOMOBILE,13.14,0.0,21.9
25676643,HR,13.12,0.0,21.87
18368613,SALES,13.11,0.0,21.85
89049979,BANKING,13.1,0.0,21.83
21869994,CHEF,13.1,0.0,21.84
28724469,FINANCE,13.1,0.0,21.83
32441790,PUBLIC-RELATIONS,13.09,0.0,21.82
78114950,CONSTRUCTION,13.07,0.0,21.79
12155206,CHEF,13.07,0.0,21.79
53265899,CHEF,13.06,0.0,21.77
32067700,TEACHER,13.06,0.0,21.76
23354541,FINANCE,13.05,0.0,21.75
22391901,ADVOCATE,13.05,0.0,21.75
58879993,HEALTHCARE,13.04,0.0,21.74
12092347,FITNESS,13.03,0.0,21.71
10399912,HR,13.03,0.0,21.71
22925443,ACCOUNTANT,13.02,0.0,21.7
19464810,TEACHER,13.01,0.0,21.69
24989856,APPAREL,13.01,0.0,21.69
11555549,ARTS,13.01,0.0,21.68
23110214,HEALTHCARE,13.01,0.0,21.68
87520378,HEALTHCARE,13.01,0.0,21.69
95382114,BUSINESS-DEVELOPMENT,13.0,0.0,21.67
26279402,AVIATION,12.99,0.0,21.65
63391085,TEACHER,12.99,0.0,21.65
80275976,BUSINESS-DEVELOPMENT,12.99,0.0,21.65
34051710,DESIGNER,12.99,0.0,21.65
30337969,CHEF,12.98,0.0,21.64
10898339,SALES,12.98,0.0,21.63
14209965,DIGITAL-MEDIA,12.97,0.0,21.61
54180474,ARTS,12.97,0.0,21.61
16626724,CONSTRUCTION,12.96,0.0,21.6
24455357,DESIGNER,12.95,0.0,21.59
20992320,BANKING,12.95,0.0,21.59
18264694,AGRICULTURE,12.95,0.0,21.59
28419173,HR,12.94,0.0,21.56
24673903,CHEF,12.94,0.0,21.56
16661264,AGRICULTURE,12.94,0.0,21.56
23085604,DIGITAL-MEDIA,12.94,0.0,21.56
25150191,HR,12.94,0.0,21.56
26919036,CONSULTANT,12.93,0.0,21.55
24677466,PUBLIC-RELATIONS,12.91,0.0,21.52
65864767,BANKING,12.91,0.0,21.51
18669563,ACCOUNTANT,12.91,0.0,21.51
25656981,CONSTRUCTION,12.91,0.0,21.51
38154903,AVIATION,12.89,0.0,21.49
43994605,HEALTHCARE,12.89,0.0,21.48
18557164,HR,12.89,0.0,21.48
22485475,CONSULTANT,12.88,0.0,21.46
11614114,AVIATION,12.88,0.0,21.47
92246939,CONSULTANT,12.88,0.0,21.47
86597425,TEACHER,12.88,0.0,21.47
12777487,ARTS,12.87,0.0,21.45
14181049,FINANCE,12.87,12.5,13.12
11360471,ARTS,12.86,0.0,21.44
14062078,HEALTHCARE,12.86,0.0,21.44
14036515,DIGITAL-MEDIA,12.86,0.0,21.43
28614791,ACCOUNTANT,12.85,0.0,21.41
55712978,AGRICULTURE,12.85,0.0,21.42
15576950,HR,12.85,0.0,21.41
37931076,FINANCE,12.83,0.0,21.39
11676151,AGRICULTURE,12.83,0.0,21.39
13234267,AVIATION,12.82,0.0,21.37
29161565,AVIATION,12.81,0.0,21.35
27607632,SALES,12.8,0.0,21.33
27096471,CONSULTANT,12.8,0.0,21.34
57262959,CHEF,12.8,0.0,21.34
10515955,DIGITAL-MEDIA,12.79,0.0,21.32
23527321,INFORMATION-TECHNOLOGY,12.79,0.0,21.32
20850529,BANKING,12.79,12.5,12.98
19471144,CONSTRUCTION,12.79,0.0,21.31
23914451,HR,12.77,0.0,21.29
14278888,PUBLIC-RELATIONS,12.77,0.0,21.28
24184357,HR,12.76,0.0,21.26
28247753,AGRICULTURE,12.76,0.0,21.26
72136463,FINANCE,12.75,0.0,21.25
15100547,AUTOMOBILE,12.75,0.0,21.25
20345168,ACCOUNTANT,12.74,0.0,21.24
17855844,HR,12.73,0.0,21.21
21338490,ACCOUNTANT,12.73,0.0,21.22
25857360,INFORMATION-TECHNOLOGY,12.73,0.0,21.21
21478007,PUBLIC-RELATIONS,12.73,0.0,21.22
33135102,BANKING,12.73,0.0,21.22
17730889,BUSINESS-DEVELOPMENT,12.72,0.0,21.2
77626587,AVIATION,12.72,0.0,21.2
17694572,AVIATION,12.7,0.0,21.17
26801767,INFORMATION-TECHNOLOGY,12.7,0.0,21.17
92200491,SALES,12.7,0.0,21.16
46055835,ARTS,12.69,0.0,21.15
18635654,ACCOUNTANT,12.67,0.0,21.12
13518263,DESIGNER,12.66,0.0,21.1
15792052,FINANCE,12.64,0.0,21.07
90318913,AVIATION,12.64,0.0,21.06
19268120,CHEF,12.63,0.0,21.05
23804341,ADVOCATE,12.63,0.0,21.05
30128072,CHEF,12.62,0.0,21.03
95970987,ADVOCATE,12.62,0.0,21.03
13328680,DIGITAL-MEDIA,12.62,0.0,21.04
94047639,CHEF,12.61,0.0,21.01
14569498,CHEF,12.59,0.0,20.99
28670024,HEALTHCARE,12.59,0.0,20.98
18311419,BUSINESS-DEVELOPMENT,12.59,0.0,20.98
39805617,FITNESS,12.58,0.0,20.97
21334981,CHEF,12.56,0.0,20.94
17254634,ADVOCATE,12.56,0.0,20.93
90066849,DESIGNER,12.56,0.0,20.94
70603826,FITNESS,12.55,0.0,20.91
71767359,APPAREL,12.55,0.0,20.91
12669075,APPAREL,12.55,0.0,20.92
30862904,HR,12.55,0.0,20.92
77266989,FITNESS,12.54,0.0,20.9
24559558,PUBLIC-RELATIONS,12.53,0.0,20.88
17481570,TEACHER,12.53,0.0,20.88
26173524,PUBLIC-RELATIONS,12.53,0.0,20.88
43622023,ARTS,12.52,0.0,20.87
11677012,DIGITAL-MEDIA,12.52,0.0,20.87
24444525,FITNESS,12.51,0.0,20.85
81373857,CHEF,12.49,0.0,20.82
20470943,PUBLIC-RELATIONS,12.49,0.0,20.82
32799518,CONSTRUCTION,12.48,0.0,20.8
27298953,CHEF,12.48,0.0,20.8
64017585,INFORMATION-TECHNOLOGY,12.47,0.0,20.79
28013287,TEACHER,12.46,0.0,20.77
90682785,SALES,12.46,0.0,20.76
17412079,HR,12.46,0.0,20.77
17307206,CONSULTANT,12.44,0.0,20.74
62809577,ACCOUNTANT,12.43,0.0,20.72
36170003,BUSINESS-DEVELOPMENT,12.43,0.0,20.71
24983760,ARTS,12.43,0.0,20.72
22455205,PUBLIC-RELATIONS,12.42,0.0,20.7
38847011,ACCOUNTANT,12.42,0.0,20.7
12377803,BUSINESS-DEVELOPMENT,12.41,0.0,20.69
87635012,ACCOUNTANT,12.41,12.5,12.35
13296856,TEACHER,12.4,0.0,20.66
34554248,HR,12.4,0.0,20.66
32219038,HEALTHCARE,12.38,0.0,20.63
66832845,INFORMATION-TECHNOLOGY,12.38,0.0,20.63
14724186,DESIGNER,12.38,0.0,20.64
10527994,TEACHER,12.37,0.0,20.62
11807040,DESIGNER,12.36,0.0,20.6
31948488,FINANCE,12.35,0.0,20.58
26750846,FINANCE,12.35,0.0,20.58
11704150,HEALTHCARE,12.34,0.0,20.57
19850482,INFORMATION-TECHNOLOGY,12.34,0.0,20.56
26581830,BUSINESS-DEVELOPMENT,12.34,0.0,20.56
98559931,ACCOUNTANT,12.34,0.0,20.56
11333001,AVIATION,12.34,0.0,20.56
14408510,FINANCE,12.33,0.0,20.55
95519832,FINANCE,12.33,0.0,20.55
25128608,CHEF,12.32,0.0,20.54
23933031,BPO,12.32,0.0,20.53
29177904,ADVOCATE,12.31,0.0,20.51
37402097,TEACHER,12.29,0.0,20.48
16594812,CHEF,12.29,0.0,20.48
28808263,HR,12.28,0.0,20.46
11336022,TEACHER,12.28,0.0,20.46
46514339,APPAREL,12.27,0.0,20.45
39237915,BUSINESS-DEVELOPMENT,12.26,0.0,20.44
38650096,FITNESS,12.25,0.0,20.42
49204385,ACCOUNTANT,12.25,0.0,20.41
46258701,HR,12.24,0.0,20.4
28186635,AVIATION,12.22,0.0,20.36
91591026,CHEF,12.22,0.0,20.36
12420359,CHEF,12.21,0.0,20.35
45286020,TEACHER,12.21,0.0,20.35
17597372,BUSINESS-DEVELOPMENT,12.2,0.0,20.34
31926950,HEALTHCARE,12.19,0.0,20.31
35157762,CHEF,12.18,0.0,20.3
27004930,BUSINESS-DEVELOPMENT,12.18,0.0,20.3
33872500,BANKING,12.18,0.0,20.3
67032711,FITNESS,12.17,0.0,20.29
28772892,TEACHER,12.17,0.0,20.28
21904897,CHEF,12.17,0.0,20.28
26835781,AGRICULTURE,12.17,0.0,20.29
26410763,ARTS,12.16,0.0,20.26
91431878,AVIATION,12.13,0.0,20.21
17781039,SALES,12.12,0.0,20.2
24773845,AVIATION,12.09,0.0,20.15
24817041,ACCOUNTANT,12.08,0.0,20.13
26896699,BUSINESS-DEVELOPMENT,12.08,0.0,20.14
51018476,DESIGNER,12.07,0.0,20.12
48037995,INFORMATION-TECHNOLOGY,12.07,0.0,20.11
17556527,ACCOUNTANT,12.05,0.0,20.08
11773925,BANKING,12.04,0.0,20.07
38087844,SALES,12.04,0.0,20.06
26908066,HEALTHCARE,12.04,0.0,20.06
14556869,DIGITAL-MEDIA,12.04,0.0,20.07
12826414,CONSTRUCTION,12.03,0.0,20.05
12814706,BUSINESS-DEVELOPMENT,12.03,0.0,20.05
74126637,ADVOCATE,12.03,0.0,20.05
95714702,ADVOCATE,12.03,0.0,20.05
34198885,ACCOUNTANT,12.02,0.0,20.04
23510685,HR,12.01,0.0,20.01
93112113,HR,12.0,0.0,20.0
35344611,ADVOCATE,11.99,0.0,19.98
14358578,SALES,11.99,0.0,19.98
18268860,AVIATION,11.99,0.0,19.99
10738095,APPAREL,11.97,0.0,19.95
24361598,CONSTRUCTION,11.95,0.0,19.91
74552449,BANKING,11.95,0.0,19.92
29897742,AGRICULTURE,11.95,0.0,19.91
10567764,AVIATION,11.95,0.0,19.92
18227306,CONSULTANT,11.94,0.0,19.9
49285644,TEACHER,11.94,0.0,19.9
80162314,HR,11.93,0.0,19.89
24670867,FINANCE,11.93,0.0,19.89
15717923,FINANCE,11.92,0.0,19.86
23918545,HEALTHCARE,11.92,0.0,19.86
28973180,FINANCE,11.92,0.0,19.86
11722421,DESIGNER,11.92,0.0,19.86
28862054,PUBLIC-RELATIONS,11.92,0.0,19.87
78298706,CONSTRUCTION,11.91,0.0,19.85
28828844,HR,11.91,0.0,19.85
19195747,DESIGNER,11.91,0.0,19.85
21363048,CONSTRUCTION,11.9,0.0,19.84
18334783,HR,11.89,0.0,19.81
10062724,HEALTHCARE,11.89,0.0,19.81
16132195,HEALTHCARE,11.89,0.0,19.82
11902276,PUBLIC-RELATIONS,11.87,0.0,19.79
23138078,HEALTHCARE,11.87,0.0,19.78
39674782,CONSTRUCTION,11.87,0.0,19.79
86184722,HR,11.86,0.0,19.76
16276121,DIGITAL-MEDIA,11.86,0.0,19.77
29211919,SALES,11.85,0.0,19.75
14640322,HR,11.85,0.0,19.75
13879043,HR,11.84,0.0,19.73
40311088,DIGITAL-MEDIA,11.83,0.0,19.72
29968330,AGRICULTURE,11.82,0.0,19.7
29534737,AVIATION,11.82,0.0,19.7
21297828,PUBLIC-RELATIONS,11.82,0.0,19.7
22008817,HEALTHCARE,11.81,0.0,19.68
19774173,FITNESS,11.81,0.0,19.69
25926667,ARTS,11.8,0.0,19.66
29574501,CONSTRUCTION,11.8,0.0,19.67
11378657,HEALTHCARE,11.8,0.0,19.66
25258040,CONSULTANT,11.79,0.0,19.65
14064815,ADVOCATE,11.78,0.0,19.64
99033098,ARTS,11.77,0.0,19.62
30311202,CHEF,11.76,0.0,19.6
16237710,ACCOUNTANT,11.76,0.0,19.6
35468363,CHEF,11.75,0.0,19.59
32517106,FITNESS,11.75,0.0,19.59
12923795,FITNESS,11.75,0.0,19.59
98309114,HEALTHCARE,11.75,0.0,19.59
19364677,CONSTRUCTION,11.75,0.0,19.58
24964303,BUSINESS-DEVELOPMENT,11.74,0.0,19.56
22861181,PUBLIC-RELATIONS,11.72,0.0,19.53
22546476,CONSTRUCTION,11.71,0.0,19.52
48580330,CHEF,11.71,0.0,19.51
26718039,CHEF,11.7,0.0,19.5
31552617,TEACHER,11.69,0.0,19.49
26780935,HR,11.69,0.0,19.49
14726000,BUSINESS-DEVELOPMENT,11.68,0.0,19.47
26942552,DESIGNER,11.68,0.0,19.47
19599699,FITNESS,11.68,0.0,19.47
77439230,ADVOCATE,11.67,0.0,19.45
20317319,BUSINESS-DEVELOPMENT,11.67,0.0,19.45
27219200,BUSINESS-DEVELOPMENT,11.65,0.0,19.41
45167858,BANKING,11.65,0.0,19.41
39082090,HEALTHCARE,11.65,0.0,19.42
21830565,HR,11.64,0.0,19.4
85918100,SALES,11.64,0.0,19.4
27080812,DIGITAL-MEDIA,11.64,0.0,19.4
28631840,ENGINEERING,11.63,0.0,19.39
29147100,DESIGNER,11.63,0.0,19.38
20330739,DIGITAL-MEDIA,11.63,0.0,19.38
25706337,DIGITAL-MEDIA,11.62,0.0,19.36
34783330,BANKING,11.62,0.0,19.37
25451319,HEALTHCARE,11.61,0.0,19.35
84512719,AGRICULTURE,11.6,0.0,19.33
15932017,FITNESS,11.6,0.0,19.34
68216398,AVIATION,11.6,0.0,19.33
10501991,BUSINESS-DEVELOPMENT,11.59,0.0,19.31
14585273,CONSTRUCTION,11.58,0.0,19.3
58105060,TEACHER,11.57,0.0,19.29
29821051,ACCOUNTANT,11.55,0.0,19.25
42427521,AVIATION,11.54,0.0,19.23
32947778,HR,11.54,0.0,19.24
33286293,BANKING,11.54,0.0,19.24
17342969,CONSTRUCTION,11.54,0.0,19.23
22319662,SALES,11.54,0.0,19.24
79376680,SALES,11.54,0.0,19.24
63282405,FITNESS,11.53,0.0,19.22
24967652,FINANCE,11.53,0.0,19.22
29510501,AGRICULTURE,11.53,0.0,19.21
28679359,DIGITAL-MEDIA,11.53,0.0,19.21
25525152,DIGITAL-MEDIA,11.52,0.0,19.2
29640922,APPAREL,11.51,0.0,19.18
21663616,PUBLIC-RELATIONS,11.5,0.0,19.16
36094883,APPAREL,11.5,0.0,19.17
25315791,SALES,11.5,0.0,19.16
34146825,ARTS,11.5,0.0,19.16
11522068,FITNESS,11.48,0.0,19.13
49325370,HEALTHCARE,11.48,0.0,19.13
14070138,BUSINESS-DEVELOPMENT,11.47,0.0,19.12
29142288,AGRICULTURE,11.47,0.0,19.12
15636923,HEALTHCARE,11.47,0.0,19.12
69764348,CONSTRUCTION,11.45,0.0,19.08
21238396,FITNESS,11.45,0.0,19.08
23841877,CHEF,11.45,0.0,19.09
11333660,CONSULTANT,11.45,0.0,19.08
19951766,CHEF,11.45,0.0,19.09
73497035,ARTS,11.43,0.0,19.05
19007667,CHEF,11.42,0.0,19.03
38441665,FINANCE,11.41,0.0,19.01
12858898,FINANCE,11.41,0.0,19.01
32720816,AVIATION,11.41,0.0,19.01
10704573,BUSINESS-DEVELOPMENT,11.4,0.0,19.0
12334650,ARTS,11.38,0.0,18.97
17983957,CONSULTANT,11.37,0.0,18.95
24611721,FINANCE,11.36,0.0,18.94
17562754,DIGITAL-MEDIA,11.35,0.0,18.92
18422164,HR,11.35,0.0,18.92
15618327,AVIATION,11.34,0.0,18.9
28916894,BUSINESS-DEVELOPMENT,11.34,0.0,18.9
16861758,HR,11.34,0.0,18.9
13272204,ARTS,11.33,0.0,18.89
24763208,ADVOCATE,11.33,0.0,18.88
12488356,ENGINEERING,11.32,0.0,18.86
26167298,CONSULTANT,11.32,0.0,18.87
17131084,BANKING,11.32,0.0,18.86
54421668,BANKING,11.3,0.0,18.83
21134923,AGRICULTURE,11.29,0.0,18.82
80000092,FITNESS,11.29,0.0,18.82
24553863,FINANCE,11.28,0.0,18.8
13342150,ADVOCATE,11.28,0.0,18.8
69181350,CONSULTANT,11.27,0.0,18.79
18589927,BPO,11.27,0.0,18.79
93828034,PUBLIC-RELATIONS,11.27,0.0,18.78
12251115,CONSULTANT,11.27,0.0,18.79
31850269,CONSTRUCTION,11.27,0.0,18.78
32265203,CONSTRUCTION,11.27,0.0,18.79
48285304,FINANCE,11.26,0.0,18.77
21912637,FINANCE,11.26,0.0,18.76
35673335,BUSINESS-DEVELOPMENT,11.26,0.0,18.76
19405513,FINANCE,11.26,0.0,18.77
70528646,SALES,11.24,0.0,18.73
58915642,DIGITAL-MEDIA,11.24,0.0,18.73
24695561,ADVOCATE,11.23,0.0,18.72
73448369,ADVOCATE,11.22,0.0,18.7
12717345,CHEF,11.21,0.0,18.69
17576030,FITNESS,11.21,0.0,18.68
16500168,APPAREL,11.2,0.0,18.67
34319869,DIGITAL-MEDIA,11.19,0.0,18.65
32109048,AUTOMOBILE,11.19,0.0,18.65
21705160,DESIGNER,11.18,0.0,18.64
29494962,FINANCE,11.18,0.0,18.64
10189110,AVIATION,11.18,0.0,18.63
20748468,HEALTHCARE,11.17,0.0,18.62
22465498,ACCOUNTANT,11.17,0.0,18.61
30148777,AVIATION,11.17,0.0,18.61
11763983,HR,11.17,0.0,18.61
29297973,HR,11.17,0.0,18.61
10830646,ARTS,11.17,0.0,18.62
12071138,FINANCE,11.16,0.0,18.6
16121387,HEALTHCARE,11.15,0.0,18.58
69005326,TEACHER,11.15,0.0,18.58
29926588,ADVOCATE,11.14,0.0,18.56
29525715,PUBLIC-RELATIONS,11.14,0.0,18.56
11877150,FINANCE,11.14,0.0,18.56
23814777,HEALTHCARE,11.14,0.0,18.57
34419403,AVIATION,11.13,0.0,18.55
18155310,HR,11.13,0.0,18.55
15684810,AVIATION,11.12,0.0,18.53
18328743,SALES,11.11,0.0,18.52
55477468,SALES,11.11,0.0,18.51
12338274,ACCOUNTANT,11.11,0.0,18.52
15802627,INFORMATION-TECHNOLOGY,11.1,0.0,18.5
20357858,BUSINESS-DEVELOPMENT,11.1,0.0,18.5
34745915,TEACHER,11.09,0.0,18.49
22551979,TEACHER,11.09,0.0,18.49
22259475,ADVOCATE,11.09,0.0,18.48
18927233,DIGITAL-MEDIA,11.09,0.0,18.49
27512470,AVIATION,11.08,0.0,18.47
23985183,AVIATION,11.08,0.0,18.47
11804712,AVIATION,11.06,0.0,18.44
26676567,DESIGNER,11.05,0.0,18.42
10734870,CONSTRUCTION,11.04,0.0,18.4
29449419,CHEF,11.04,0.0,18.4
25834360,HEALTHCARE,11.03,0.0,18.38
15363277,ACCOUNTANT,11.03,0.0,18.38
91539554,DIGITAL-MEDIA,11.03,0.0,18.38
28326441,DESIGNER,11.03,0.0,18.38
23155093,HR,11.03,0.0,18.39
14241621,BUSINESS-DEVELOPMENT,11.03,0.0,18.38
39434376,DESIGNER,11.01,0.0,18.35
25678238,FINANCE,11.01,0.0,18.35
18159866,INFORMATION-TECHNOLOGY,11.01,0.0,18.35
10876132,APPAREL,11.0,0.0,18.33
25838512,FITNESS,11.0,0.0,18.33
28609364,DIGITAL-MEDIA,11.0,0.0,18.34
27182111,ADVOCATE,10.99,0.0,18.31
17987433,INFORMATION-TECHNOLOGY,10.98,0.0,18.3
17775916,FINANCE,10.98,0.0,18.3
36379931,ARTS,10.98,0.0,18.3
19558834,PUBLIC-RELATIONS,10.97,0.0,18.29
28758002,FINANCE,10.97,0.0,18.28
50219114,DIGITAL-MEDIA,10.97,0.0,18.29
94503308,CONSTRUCTION,10.96,0.0,18.27
19147947,SALES,10.96,0.0,18.27
11592605,HR,10.96,0.0,18.27
28176889,CHEF,10.95,0.0,18.25
27139412,BUSINESS-DEVELOPMENT,10.94,0.0,18.23
39081840,HR,10.94,0.0,18.24
28635795,ADVOCATE,10.94,0.0,18.23
47133747,ADVOCATE,10.94,0.0,18.23
20504094,APPAREL,10.94,0.0,18.23
19918523,TEACHER,10.91,0.0,18.19
12786012,HR,10.91,0.0,18.18
34250007,FINANCE,10.91,0.0,18.19
33424600,BUSINESS-DEVELOPMENT,10.91,0.0,18.19
23951429,DESIGNER,10.91,0.0,18.18
12780508,ACCOUNTANT,10.89,0.0,18.15
12191094,PUBLIC-RELATIONS,10.89,0.0,18.15
21796843,BANKING,10.88,0.0,18.13
16852973,HR,10.88,0.0,18.14
92069209,INFORMATION-TECHNOLOGY,10.87,0.0,18.12
10332998,CONSULTANT,10.87,0.0,18.11
15721849,CONSTRUCTION,10.85,0.0,18.09
14667659,PUBLIC-RELATIONS,10.85,0.0,18.09
12696104,SALES,10.84,0.0,18.07
36019469,ARTS,10.84,0.0,18.06
38744475,DESIGNER,10.84,0.0,18.07
77638654,FINANCE,10.84,0.0,18.07
29797594,TEACHER,10.83,0.0,18.05
25824789,HR,10.82,0.0,18.03
27789372,FINANCE,10.81,0.0,18.01
25224998,CONSTRUCTION,10.81,0.0,18.01
20275356,FINANCE,10.8,0.0,18.0
11130200,FITNESS,10.8,0.0,18.0
55500538,AGRICULTURE,10.8,0.0,18.0
21611212,TEACHER,10.79,0.0,17.98
79663360,TEACHER,10.79,0.0,17.98
26234972,CONSULTANT,10.79,0.0,17.98
18172739,BANKING,10.78,0.0,17.96
21809601,ARTS,10.78,0.0,17.97
23246831,ACCOUNTANT,10.77,0.0,17.95
26987539,BANKING,10.76,0.0,17.93
43752620,ENGINEERING,10.76,0.0,17.93
39027764,CONSTRUCTION,10.75,0.0,17.91
44476983,HR,10.75,0.0,17.91
17681064,INFORMATION-TECHNOLOGY,10.75,0.0,17.91
29415426,ADVOCATE,10.75,0.0,17.91
11257723,AUTOMOBILE,10.73,0.0,17.89
34511655,DESIGNER,10.73,0.0,17.89
78538268,ADVOCATE,10.72,0.0,17.87
12955994,CONSULTANT,10.71,0.0,17.85
35603950,APPAREL,10.71,0.0,17.85
15891494,FINANCE,10.71,0.0,17.85
33176873,HR,10.7,0.0,17.83
10480456,HEALTHCARE,10.69,0.0,17.82
17499196,AGRICULTURE,10.67,0.0,17.78
17658471,FITNESS,10.66,0.0,17.76
56952849,DIGITAL-MEDIA,10.66,0.0,17.77
48549972,CONSTRUCTION,10.66,0.0,17.76
50222417,ACCOUNTANT,10.64,0.0,17.73
17199951,DESIGNER,10.63,0.0,17.72
41910253,HEALTHCARE,10.63,0.0,17.71
11266906,BANKING,10.63,0.0,17.72
17857644,ARTS,10.63,0.0,17.71
21669215,PUBLIC-RELATIONS,10.62,0.0,17.7
25101183,FINANCE,10.61,0.0,17.69
20149476,ARTS,10.61,0.0,17.69
19374660,BANKING,10.6,0.0,17.67
69243180,BANKING,10.6,0.0,17.67
16449850,FINANCE,10.59,0.0,17.65
67501448,BUSINESS-DEVELOPMENT,10.59,0.0,17.65
19936735,CONSULTANT,10.58,0.0,17.64
29076405,CONSULTANT,10.57,0.0,17.62
87867370,BANKING,10.57,0.0,17.61
22800977,ARTS,10.57,0.0,17.62
63083944,CONSTRUCTION,10.56,0.0,17.6
14140903,AGRICULTURE,10.56,0.0,17.6
31242382,ADVOCATE,10.54,0.0,17.57
15289348,ACCOUNTANT,10.54,0.0,17.57
49937469,HR,10.53,0.0,17.55
37201447,AGRICULTURE,10.53,0.0,17.55
28337049,BUSINESS-DEVELOPMENT,10.52,0.0,17.53
27936502,ARTS,10.51,0.0,17.52
10001727,CHEF,10.5,0.0,17.5
29878348,CONSTRUCTION,10.49,0.0,17.49
29014805,BUSINESS-DEVELOPMENT,10.48,0.0,17.47
62850928,FINANCE,10.47,0.0,17.45
16279537,AVIATION,10.47,0.0,17.45
81588968,AVIATION,10.47,0.0,17.45
23387174,ACCOUNTANT,10.46,0.0,17.43
27637576,ACCOUNTANT,10.45,0.0,17.41
36024962,ACCOUNTANT,10.45,0.0,17.41
19164410,DESIGNER,10.45,0.0,17.41
27243670,CONSTRUCTION,10.44,0.0,17.4
30813919,ACCOUNTANT,10.44,0.0,17.4
10568350,FITNESS,10.43,0.0,17.39
25497147,FINANCE,10.43,0.0,17.38
27330027,FINANCE,10.42,0.0,17.36
39566718,CONSTRUCTION,10.42,0.0,17.37
14055988,ACCOUNTANT,10.42,0.0,17.37
30304575,ACCOUNTANT,10.42,0.0,17.36
25729119,TEACHER,10.42,0.0,17.37
99244405,TEACHER,10.41,0.0,17.35
16248476,CHEF,10.4,0.0,17.33
10333051,FITNESS,10.4,0.0,17.33
21794875,ACCOUNTANT,10.39,0.0,17.31
76530505,FITNESS,10.39,0.0,17.31
65219288,AVIATION,10.38,0.0,17.3
81677620,FINANCE,10.37,0.0,17.28
16091352,BUSINESS-DEVELOPMENT,10.37,0.0,17.28
61322296,CHEF,10.37,0.0,17.28
13037145,FITNESS,10.36,0.0,17.26
29002596,DIGITAL-MEDIA,10.35,0.0,17.25
21265194,HR,10.35,0.0,17.25
24592627,AUTOMOBILE,10.35,0.0,17.25
29050809,ACCOUNTANT,10.35,0.0,17.25
32385553,BUSINESS-DEVELOPMENT,10.33,0.0,17.22
30529547,SALES,10.31,0.0,17.19
77576845,BUSINESS-DEVELOPMENT,10.31,0.0,17.19
24038620,INFORMATION-TECHNOLOGY,10.3,0.0,17.17
13129275,PUBLIC-RELATIONS,10.29,0.0,17.15
20624984,ACCOUNTANT,10.29,0.0,17.15
30646367,HR,10.29,0.0,17.15
84295343,AUTOMOBILE,10.29,0.0,17.15
73282756,DIGITAL-MEDIA,10.28,0.0,17.13
35121930,APPAREL,10.27,0.0,17.12
10603337,SALES,10.27,0.0,17.12
16605640,APPAREL,10.26,0.0,17.1
10724818,SALES,10.26,0.0,17.1
34792238,FITNESS,10.25,0.0,17.09
14256329,HR,10.24,0.0,17.06
18171955,SALES,10.24,0.0,17.06
78016758,CONSULTANT,10.24,0.0,17.06
13294301,ACCOUNTANT,10.24,0.0,17.07
25507648,FITNESS,10.22,0.0,17.04
15011085,FINANCE,10.22,0.0,17.04
27531694,TEACHER,10.21,0.0,17.02
54934269,HEALTHCARE,10.21,0.0,17.02
11995013,ARTS,10.19,0.0,16.98
14413148,FINANCE,10.19,0.0,16.99
49486820,ADVOCATE,10.19,0.0,16.99
10504237,TEACHER,10.19,0.0,16.98
30504149,DIGITAL-MEDIA,10.19,0.0,16.98
21853199,ACCOUNTANT,10.19,0.0,16.99
23628651,TEACHER,10.18,0.0,16.96
23139819,ACCOUNTANT,10.18,0.0,16.97
52979663,HR,10.18,0.0,16.96
38642923,FITNESS,10.17,0.0,16.95
15546686,AGRICULTURE,10.16,0.0,16.94
29648950,FINANCE,10.15,0.0,16.91
22056333,TEACHER,10.15,0.0,16.92
24240349,TEACHER,10.15,0.0,16.91
35483925,BANKING,10.15,12.5,8.58
82929064,DIGITAL-MEDIA,10.15,0.0,16.92
15973307,SALES,10.14,0.0,16.9
25724495,HR,10.13,0.0,16.88
15297298,INFORMATION-TECHNOLOGY,10.13,0.0,16.88
27375577,BUSINESS-DEVELOPMENT,10.13,0.0,16.88
34327438,ADVOCATE,10.12,0.0,16.87
19786924,TEACHER,10.12,0.0,16.87
27884470,BANKING,10.12,0.0,16.86
87968870,HR,10.11,0.0,16.85
19867922,HR,10.1,0.0,16.83
20736486,HEALTHCARE,10.1,0.0,16.84
28396528,CHEF,10.1,0.0,16.83
38115035,ARTS,10.09,0.0,16.82
42546558,AVIATION,10.09,0.0,16.81
10909673,BANKING,10.09,0.0,16.82
95769832,FITNESS,10.09,0.0,16.82
28020046,AVIATION,10.09,0.0,16.82
69532425,TEACHER,10.08,0.0,16.8
43375498,BANKING,10.07,0.0,16.79
23636277,ACCOUNTANT,10.07,0.0,16.78
33370664,BANKING,10.06,0.0,16.76
39650734,HR,10.05,0.0,16.75
13178604,SALES,10.04,0.0,16.74
54201930,DESIGNER,10.04,0.0,16.73
36574147,BUSINESS-DEVELOPMENT,10.02,0.0,16.7
30826569,CHEF,10.02,0.0,16.7
29772450,CHEF,10.01,0.0,16.68
27573855,ACCOUNTANT,10.0,0.0,16.66
14554542,ENGINEERING,10.0,0.0,16.67
17421910,BUSINESS-DEVELOPMENT,10.0,0.0,16.66
22632070,TEACHER,9.98,0.0,16.64
37472265,ARTS,9.98,0.0,16.64
37540732,SALES,9.97,0.0,16.62
17432318,DIGITAL-MEDIA,9.97,0.0,16.62
35421497,TEACHER,9.97,0.0,16.62
17694454,ARTS,9.96,0.0,16.6
22349169,CHEF,9.95,0.0,16.58
19063156,ADVOCATE,9.94,0.0,16.56
20255404,FITNESS,9.94,0.0,16.57
18319061,ARTS,9.94,0.0,16.57
33072201,PUBLIC-RELATIONS,9.93,0.0,16.55
21807211,APPAREL,9.92,0.0,16.53
11677077,APPAREL,9.91,0.0,16.51
29211359,CHEF,9.91,0.0,16.52
92283635,AVIATION,9.91,0.0,16.51
15293959,FITNESS,9.91,0.0,16.52
88859947,CONSTRUCTION,9.91,0.0,16.52
35474904,ADVOCATE,9.9,0.0,16.5
26456474,ADVOCATE,9.9,0.0,16.5
29406313,BANKING,9.89,0.0,16.48
39970711,HR,9.89,0.0,16.49
67631413,AVIATION,9.89,0.0,16.48
17033567,ARTS,9.88,0.0,16.46
47470864,HR,9.88,0.0,16.46
33578873,SALES,9.88,0.0,16.47
59938965,FINANCE,9.87,0.0,16.45
71499299,APPAREL,9.87,0.0,16.45
20748926,DESIGNER,9.86,0.0,16.44
37391947,BUSINESS-DEVELOPMENT,9.85,0.0,16.42
48547319,TEACHER,9.84,0.0,16.4
14667957,HEALTHCARE,9.83,0.0,16.39
56068028,AGRICULTURE,9.83,0.0,16.39
16924102,CHEF,9.83,0.0,16.38
13675377,FITNESS,9.83,0.0,16.39
28377361,SALES,9.82,0.0,16.37
13130984,ACCOUNTANT,9.8,0.0,16.34
18365791,ACCOUNTANT,9.79,0.0,16.32
54067174,ADVOCATE,9.77,0.0,16.28
24647386,BUSINESS-DEVELOPMENT,9.77,0.0,16.29
32433431,CONSULTANT,9.77,0.0,16.29
17660419,FITNESS,9.77,0.0,16.28
21622444,CHEF,9.76,0.0,16.27
90365216,FITNESS,9.75,0.0,16.25
22380187,DIGITAL-MEDIA,9.74,0.0,16.23
32069695,AUTOMOBILE,9.73,0.0,16.21
56520872,HEALTHCARE,9.73,0.0,16.21
26961846,FINANCE,9.72,0.0,16.2
11163645,ACCOUNTANT,9.72,0.0,16.2
13967854,ADVOCATE,9.71,0.0,16.19
18645964,BANKING,9.69,0.0,16.15
30083884,CONSULTANT,9.67,0.0,16.12
27497542,DESIGNER,9.67,0.0,16.12
31362807,APPAREL,9.67,0.0,16.11
88691367,CONSULTANT,9.67,0.0,16.12
86549455,FINANCE,9.65,0.0,16.08
14055971,BUSINESS-DEVELOPMENT,9.65,0.0,16.09
29134372,HEALTHCARE,9.65,0.0,16.08
16391949,APPAREL,9.64,0.0,16.07
32896934,HR,9.64,0.0,16.07
31064969,BPO,9.64,0.0,16.06
10588874,CHEF,9.64,0.0,16.07
13313917,CONSULTANT,9.64,0.0,16.06
14107571,FITNESS,9.63,0.0,16.05
19714635,APPAREL,9.62,0.0,16.04
56151548,APPAREL,9.62,0.0,16.04
26579709,BANKING,9.59,0.0,15.98
51554903,CHEF,9.57,0.0,15.95
22990761,AVIATION,9.57,0.0,15.95
17276884,BANKING,9.57,0.0,15.95
46349752,HEALTHCARE,9.56,0.0,15.93
23573064,FINANCE,9.56,0.0,15.93
92985983,CHEF,9.56,0.0,15.94
24655918,DESIGNER,9.56,0.0,15.93
16038911,FITNESS,9.56,0.0,15.94
15573418,BPO,9.55,0.0,15.92
24230851,INFORMATION-TECHNOLOGY,9.55,0.0,15.91
22492537,FINANCE,9.54,0.0,15.9
29148871,ARTS,9.53,0.0,15.88
38059130,ADVOCATE,9.52,0.0,15.87
12938200,HEALTHCARE,9.52,0.0,15.86
11121498,CHEF,9.5,0.0,15.84
14224370,ACCOUNTANT,9.49,0.0,15.82
25370801,BUSINESS-DEVELOPMENT,9.49,0.0,15.82
10694288,HR,9.49,0.0,15.82
29784524,CHEF,9.49,0.0,15.81
13411858,CHEF,9.49,0.0,15.82
37913536,PUBLIC-RELATIONS,9.48,0.0,15.8
27409087,FINANCE,9.46,0.0,15.76
14626780,BANKING,9.46,0.0,15.77
56286525,FITNESS,9.46,0.0,15.77
17213671,BANKING,9.46,0.0,15.77
29992154,HEALTHCARE,9.46,0.0,15.76
18767449,FITNESS,9.46,0.0,15.76
16804396,CHEF,9.45,0.0,15.75
44147689,CONSTRUCTION,9.45,0.0,15.75
15273850,SALES,9.45,0.0,15.75
21567392,CONSTRUCTION,9.44,0.0,15.74
71888547,CONSULTANT,9.44,0.0,15.73
97449528,AUTOMOBILE,9.44,0.0,15.73
15375009,HR,9.43,0.0,15.71
27903191,FITNESS,9.43,0.0,15.72
29486525,TEACHER,9.41,0.0,15.69
29746235,AGRICULTURE,9.41,0.0,15.69
18278509,BANKING,9.41,0.0,15.69
36905896,BANKING,9.38,0.0,15.63
13503650,DIGITAL-MEDIA,9.38,0.0,15.63
20427934,BUSINESS-DEVELOPMENT,9.37,0.0,15.61
35325329,INFORMATION-TECHNOLOGY,9.37,0.0,15.61
14364597,PUBLIC-RELATIONS,9.37,0.0,15.61
26975573,ACCOUNTANT,9.35,0.0,15.58
34185495,BANKING,9.35,0.0,15.58
70667011,BANKING,9.35,0.0,15.59
27831220,CHEF,9.35,0.0,15.59
31292364,PUBLIC-RELATIONS,9.35,0.0,15.58
16605352,FITNESS,9.34,0.0,15.57
82118447,BUSINESS-DEVELOPMENT,9.33,0.0,15.55
26278597,BUSINESS-DEVELOPMENT,9.33,0.0,15.55
17818707,BANKING,9.32,0.0,15.54
69097572,BPO,9.32,0.0,15.53
10926726,PUBLIC-RELATIONS,9.29,0.0,15.48
13982572,BANKING,9.28,0.0,15.46
14874322,AVIATION,9.26,0.0,15.43
17431847,FITNESS,9.26,0.0,15.44
18569929,ACCOUNTANT,9.26,0.0,15.43
28942221,CONSTRUCTION,9.26,0.0,15.43
19928941,CONSTRUCTION,9.25,0.0,15.42
14346702,CONSULTANT,9.25,0.0,15.42
32636041,FITNESS,9.25,0.0,15.42
20400279,ADVOCATE,9.25,0.0,15.41
98509238,SALES,9.24,0.0,15.4
35579812,HEALTHCARE,9.23,0.0,15.38
29573698,FITNESS,9.23,0.0,15.38
28230807,CHEF,9.23,0.0,15.38
20633855,BUSINESS-DEVELOPMENT,9.23,0.0,15.38
25543217,APPAREL,9.22,0.0,15.37
22042181,ADVOCATE,9.22,0.0,15.36
24294778,ACCOUNTANT,9.22,0.0,15.37
16887936,ARTS,9.22,0.0,15.37
12674256,AGRICULTURE,9.22,0.0,15.36
22510753,TEACHER,9.21,0.0,15.35
11835339,CONSULTANT,9.21,0.0,15.35
38309905,CHEF,9.21,0.0,15.35
19149865,BANKING,9.21,0.0,15.35
20211577,HEALTHCARE,9.2,0.0,15.34
26994282,SALES,9.2,0.0,15.34
15119529,CONSULTANT,9.19,0.0,15.31
34131484,SALES,9.19,0.0,15.32
13264796,ENGINEERING,9.18,0.0,15.3
22765255,BUSINESS-DEVELOPMENT,9.16,0.0,15.27
12315079,HEALTHCARE,9.16,0.0,15.27
58665241,TEACHER,9.15,0.0,15.25
69155584,SALES,9.15,0.0,15.25
95085510,FITNESS,9.14,0.0,15.23
38056161,PUBLIC-RELATIONS,9.14,0.0,15.23
19147494,SALES,9.14,0.0,15.24
14663897,CHEF,9.13,0.0,15.22
34740556,HR,9.12,0.0,15.2
33919379,CONSULTANT,9.12,0.0,15.2
11444536,CHEF,9.12,0.0,15.2
19446337,ACCOUNTANT,9.11,0.0,15.19
24905947,FITNESS,9.11,0.0,15.18
15746146,APPAREL,9.11,0.0,15.18
28321954,FITNESS,9.11,0.0,15.18
16855929,CHEF,9.11,0.0,15.18
37735467,SALES,9.1,0.0,15.17
18129173,HEALTHCARE,9.1,0.0,15.16
34033933,TEACHER,9.1,0.0,15.16
78107631,ARTS,9.1,0.0,15.16
14771530,DIGITAL-MEDIA,9.1,0.0,15.17
19557384,BUSINESS-DEVELOPMENT,9.1,0.0,15.16
25482567,FITNESS,9.09,0.0,15.15
22567495,DESIGNER,9.08,0.0,15.14
12334140,INFORMATION-TECHNOLOGY,9.08,0.0,15.13
33893326,DIGITAL-MEDIA,9.07,0.0,15.12
13212436,CHEF,9.05,0.0,15.09
29552167,BANKING,9.04,0.0,15.06
70541112,FINANCE,9.04,12.5,6.73
15306049,ARTS,9.02,0.0,15.03
19234823,ADVOCATE,9.02,0.0,15.03
36392131,ADVOCATE,9.02,0.0,15.03
74191424,ADVOCATE,9.02,0.0,15.03
24001783,AGRICULTURE,9.01,0.0,15.02
21031285,ACCOUNTANT,9.01,12.5,6.68
16407619,BANKING,9.0,0.0,15.0
13115648,ADVOCATE,9.0,0.0,15.0
39718499,INFORMATION-TECHNOLOGY,8.99,0.0,14.99
30437583,AGRICULTURE,8.99,0.0,14.99
26065877,ACCOUNTANT,8.99,0.0,14.99
20399718,TEACHER,8.99,0.0,14.98
10138632,SALES,8.99,0.0,14.98
25923361,ARTS,8.99,0.0,14.98
98965485,BANKING,8.99,0.0,14.99
39569771,BANKING,8.98,0.0,14.97
13855004,TEACHER,8.98,0.0,14.97
25867805,ACCOUNTANT,8.98,0.0,14.97
19147603,FINANCE,8.96,0.0,14.94
28398216,FINANCE,8.96,0.0,14.94
31602598,ACCOUNTANT,8.95,0.0,14.92
73157997,BANKING,8.95,0.0,14.92
13343786,DIGITAL-MEDIA,8.94,0.0,14.9
37231163,CHEF,8.94,0.0,14.9
12504278,AVIATION,8.93,0.0,14.89
40088790,ADVOCATE,8.93,0.0,14.88
74816727,TEACHER,8.92,0.0,14.86
20880935,FINANCE,8.91,0.0,14.85
29173771,ADVOCATE,8.9,0.0,14.83
33704389,TEACHER,8.9,0.0,14.84
26189601,CHEF,8.89,0.0,14.82
76916835,BUSINESS-DEVELOPMENT,8.88,0.0,14.8
36671891,PUBLIC-RELATIONS,8.86,0.0,14.76
19156751,SALES,8.86,0.0,14.76
14391434,BANKING,8.86,0.0,14.76
31761591,APPAREL,8.85,0.0,14.75
19437318,BANKING,8.84,0.0,14.74
17539842,HEALTHCARE,8.84,0.0,14.74
24791126,TEACHER,8.83,0.0,14.72
28109594,DIGITAL-MEDIA,8.83,0.0,14.72
28895997,BANKING,8.83,0.0,14.72
11759079,ACCOUNTANT,8.81,0.0,14.69
30757456,FITNESS,8.81,0.0,14.68
34349255,DESIGNER,8.81,0.0,14.68
25067742,ACCOUNTANT,8.8,0.0,14.66
10235211,BUSINESS-DEVELOPMENT,8.8,0.0,14.67
17876954,AVIATION,8.8,0.0,14.67
27165830,HR,8.79,0.0,14.65
12022566,ENGINEERING,8.79,0.0,14.65
27099856,APPAREL,8.78,0.0,14.64
17422560,HR,8.78,0.0,14.63
15053703,AGRICULTURE,8.77,0.0,14.62
27624540,SALES,8.77,0.0,14.61
37333719,ADVOCATE,8.77,0.0,14.62
23782450,SALES,8.77,0.0,14.62
11065180,BANKING,8.77,0.0,14.62
34583750,DIGITAL-MEDIA,8.76,0.0,14.6
98379112,BUSINESS-DEVELOPMENT,8.75,0.0,14.59
65325317,ARTS,8.75,0.0,14.59
38989376,AVIATION,8.74,0.0,14.57
24491862,PUBLIC-RELATIONS,8.72,0.0,14.54
17640785,AGRICULTURE,8.72,0.0,14.54
25813953,BUSINESS-DEVELOPMENT,8.72,0.0,14.53
15479281,APPAREL,8.71,0.0,14.52
15850434,TEACHER,8.71,0.0,14.52
74522938,CHEF,8.71,0.0,14.52
24219583,FITNESS,8.71,0.0,14.52
37818861,CONSULTANT,8.69,0.0,14.49
15233524,BUSINESS-DEVELOPMENT,8.68,0.0,14.46
21916744,DESIGNER,8.67,0.0,14.45
20765795,ADVOCATE,8.66,0.0,14.43
18484846,HEALTHCARE,8.65,0.0,14.42
20986595,DESIGNER,8.65,0.0,14.42
16353584,CONSTRUCTION,8.64,0.0,14.4
26127853,PUBLIC-RELATIONS,8.63,0.0,14.38
29908929,BUSINESS-DEVELOPMENT,8.63,0.0,14.39
16332293,AUTOMOBILE,8.62,0.0,14.36
95011061,HEALTHCARE,8.61,0.0,14.35
15620421,SALES,8.6,0.0,14.34
15958967,ADVOCATE,8.6,0.0,14.33
19362586,BPO,8.59,0.0,14.32
23015611,PUBLIC-RELATIONS,8.59,0.0,14.31
15337481,ADVOCATE,8.59,0.0,14.31
24397882,AGRICULTURE,8.57,0.0,14.29
79261033,BPO,8.57,0.0,14.28
18090899,ADVOCATE,8.57,0.0,14.29
18084150,HR,8.57,0.0,14.28
18501746,DIGITAL-MEDIA,8.56,0.0,14.27
27523575,HR,8.55,0.0,14.25
18725071,ADVOCATE,8.54,0.0,14.23
16820422,TEACHER,8.54,0.0,14.23
12333703,HEALTHCARE,8.53,0.0,14.21
20457611,FITNESS,8.53,0.0,14.21
18106533,ARTS,8.52,0.0,14.2
29319314,FITNESS,8.52,0.0,14.2
13173522,BANKING,8.52,0.0,14.2
69666645,FITNESS,8.51,0.0,14.19
28640735,HR,8.5,0.0,14.16
22622351,FINANCE,8.5,0.0,14.16
26130673,PUBLIC-RELATIONS,8.49,0.0,14.15
36302399,BANKING,8.48,0.0,14.13
10276858,CHEF,8.48,0.0,14.14
10659182,ADVOCATE,8.47,0.0,14.11
28396458,FINANCE,8.47,0.0,14.11
31211074,PUBLIC-RELATIONS,8.46,0.0,14.1
17132168,DIGITAL-MEDIA,8.46,0.0,14.1
59696315,BUSINESS-DEVELOPMENT,8.45,0.0,14.08
15433732,CONSULTANT,8.45,0.0,14.08
25935030,ACCOUNTANT,8.44,0.0,14.06
23955183,FINANCE,8.44,0.0,14.07
18937778,BUSINESS-DEVELOPMENT,8.44,0.0,14.06
39470264,ARTS,8.44,0.0,14.07
39608848,ARTS,8.44,0.0,14.07
24767027,FITNESS,8.43,0.0,14.05
18784594,HEALTHCARE,8.43,0.0,14.05
33750209,HEALTHCARE,8.42,0.0,14.04
39674178,ACCOUNTANT,8.42,0.0,14.04
28531493,PUBLIC-RELATIONS,8.41,0.0,14.02
11672279,BANKING,8.41,0.0,14.01
53640713,ACCOUNTANT,8.41,0.0,14.02
20565486,FITNESS,8.38,0.0,13.97
10909720,TEACHER,8.38,0.0,13.96
45656814,FITNESS,8.38,0.0,13.97
14990354,BUSINESS-DEVELOPMENT,8.37,0.0,13.95
79759716,BUSINESS-DEVELOPMENT,8.36,0.0,13.93
27164756,ARTS,8.36,0.0,13.94
27909372,CHEF,8.36,0.0,13.94
90363254,TEACHER,8.35,0.0,13.91
78357954,AUTOMOBILE,8.35,0.0,13.91
20993320,HR,8.35,0.0,13.91
42164460,ADVOCATE,8.35,0.0,13.91
35492909,BANKING,8.34,0.0,13.9
15603319,AGRICULTURE,8.34,0.0,13.9
93653247,FINANCE,8.34,0.0,13.9
54232810,AVIATION,8.33,0.0,13.88
19497420,PUBLIC-RELATIONS,8.33,0.0,13.88
39295103,FINANCE,8.33,0.0,13.88
27549075,APPAREL,8.32,0.0,13.86
61677751,BUSINESS-DEVELOPMENT,8.32,0.0,13.87
21512769,CONSULTANT,8.32,0.0,13.86
18900722,DIGITAL-MEDIA,8.31,0.0,13.85
27018550,HR,8.31,0.0,13.85
72807293,APPAREL,8.29,0.0,13.82
21763056,ACCOUNTANT,8.29,0.0,13.82
16653657,AGRICULTURE,8.28,0.0,13.8
96547039,TEACHER,8.28,0.0,13.8
89740812,AGRICULTURE,8.28,0.0,13.8
27176039,APPAREL,8.27,0.0,13.78
26070334,AGRICULTURE,8.27,0.0,13.79
20626794,TEACHER,8.27,0.0,13.79
31199035,SALES,8.27,0.0,13.79
17812897,HR,8.27,0.0,13.78
18509268,APPAREL,8.26,0.0,13.77
28642819,TEACHER,8.26,0.0,13.77
47729453,CHEF,8.25,0.0,13.75
24658786,DIGITAL-MEDIA,8.25,0.0,13.75
84373843,FINANCE,8.25,0.0,13.75
28424982,CHEF,8.24,0.0,13.73
24679149,DIGITAL-MEDIA,8.24,0.0,13.73
19108760,ADVOCATE,8.23,0.0,13.71
97405769,ADVOCATE,8.22,0.0,13.7
52684666,FITNESS,8.22,0.0,13.7
28733974,AGRICULTURE,8.21,0.0,13.69
94137171,AVIATION,8.19,0.0,13.65
22968380,TEACHER,8.18,0.0,13.63
91467795,BUSINESS-DEVELOPMENT,8.18,0.0,13.63
23416654,ACCOUNTANT,8.18,0.0,13.64
16850314,AVIATION,8.17,0.0,13.61
99416532,AVIATION,8.17,0.0,13.62
28051330,BANKING,8.17,0.0,13.61
37473139,AVIATION,8.17,0.0,13.61
13637605,SALES,8.16,0.0,13.6
30127072,BANKING,8.15,0.0,13.59
23048999,PUBLIC-RELATIONS,8.14,0.0,13.57
29770086,CONSULTANT,8.14,0.0,13.57
25588694,TEACHER,8.12,0.0,13.54
32651555,FITNESS,8.12,0.0,13.54
14937492,APPAREL,8.11,0.0,13.52
49475708,ADVOCATE,8.1,0.0,13.5
26048718,HR,8.08,0.0,13.47
10568183,HEALTHCARE,8.08,0.0,13.46
15224503,FINANCE,8.08,0.0,13.46
89858892,FITNESS,8.08,0.0,13.47
17392859,FINANCE,8.07,0.0,13.45
25452321,CHEF,8.07,0.0,13.45
13888506,BUSINESS-DEVELOPMENT,8.06,0.0,13.44
31395710,HEALTHCARE,8.06,0.0,13.43
16536141,DIGITAL-MEDIA,8.06,0.0,13.43
20356750,ARTS,8.05,0.0,13.42
10674770,ACCOUNTANT,8.05,0.0,13.42
37751611,ARTS,8.05,0.0,13.41
11262933,BANKING,8.05,0.0,13.41
12860543,APPAREL,8.05,0.0,13.41
22168194,AVIATION,8.05,0.0,13.41
32318506,ARTS,8.05,0.0,13.42
34875813,CONSULTANT,8.05,0.0,13.42
61315605,AVIATION,8.03,0.0,13.38
55746506,FITNESS,8.01,0.0,13.35
25873425,ADVOCATE,8.01,0.0,13.35
40883703,DIGITAL-MEDIA,8.0,0.0,13.33
18975686,FINANCE,8.0,0.0,13.34
13367322,FITNESS,8.0,0.0,13.33
17911230,ADVOCATE,7.99,0.0,13.32
83206166,ARTS,7.99,0.0,13.31
20552814,SALES,7.98,0.0,13.3
47410104,FINANCE,7.98,0.0,13.3
18997135,ADVOCATE,7.98,0.0,13.3
98513424,FINANCE,7.98,0.0,13.3
75156649,FITNESS,7.97,0.0,13.29
29093426,BANKING,7.96,0.0,13.27
85421438,HEALTHCARE,7.96,0.0,13.27
13837784,DIGITAL-MEDIA,7.96,0.0,13.26
19402977,APPAREL,7.96,0.0,13.26
60182829,BANKING,7.96,0.0,13.26
10289113,BUSINESS-DEVELOPMENT,7.94,0.0,13.24
42304307,SALES,7.93,0.0,13.21
19582792,SALES,7.93,0.0,13.21
11174187,ADVOCATE,7.93,0.0,13.21
20478831,TEACHER,7.93,0.0,13.22
19243556,FINANCE,7.93,0.0,13.22
13199813,BUSINESS-DEVELOPMENT,7.93,0.0,13.22
20817322,CHEF,7.92,0.0,13.2
37360517,SALES,7.92,0.0,13.2
28359817,ACCOUNTANT,7.91,0.0,13.18
14515954,FITNESS,7.9,0.0,13.17
12065211,ACCOUNTANT,7.88,12.5,4.8
21531811,TEACHER,7.88,0.0,13.14
25462793,ACCOUNTANT,7.87,0.0,13.12
19037403,FITNESS,7.87,0.0,13.12
68781345,BANKING,7.87,0.0,13.12
15906625,ACCOUNTANT,7.85,0.0,13.08
28172023,FITNESS,7.85,0.0,13.08
34689720,TEACHER,7.85,0.0,13.08
32965335,ADVOCATE,7.84,0.0,13.06
26819872,AVIATION,7.84,0.0,13.06
50324968,APPAREL,7.84,0.0,13.06
20172393,HEALTHCARE,7.83,0.0,13.05
21856577,BANKING,7.83,0.0,13.05
35302620,FITNESS,7.82,0.0,13.03
17915015,FITNESS,7.82,0.0,13.04
15856762,BANKING,7.8,0.0,13.0
16507693,AGRICULTURE,7.79,0.0,12.99
58048626,AVIATION,7.78,0.0,12.96
28139742,SALES,7.78,0.0,12.96
93576192,ARTS,7.78,0.0,12.97
33685988,FINANCE,7.78,0.0,12.97
19929506,PUBLIC-RELATIONS,7.76,0.0,12.94
65456466,SALES,7.76,0.0,12.93
10554045,PUBLIC-RELATIONS,7.76,0.0,12.94
29815762,SALES,7.75,0.0,12.91
18949843,HEALTHCARE,7.72,0.0,12.86
20681037,CONSTRUCTION,7.72,0.0,12.87
10344379,ADVOCATE,7.69,0.0,12.82
18029935,ARTS,7.69,0.0,12.82
13565152,HEALTHCARE,7.69,0.0,12.82
59011090,DIGITAL-MEDIA,7.67,0.0,12.78
26046878,APPAREL,7.64,0.0,12.73
16985289,APPAREL,7.64,0.0,12.74
37263609,DESIGNER,7.63,0.0,12.72
28623782,FINANCE,7.63,0.0,12.72
69336473,AGRICULTURE,7.62,0.0,12.7
13583538,TEACHER,7.62,0.0,12.7
42332765,PUBLIC-RELATIONS,7.61,0.0,12.68
28522529,FINANCE,7.61,0.0,12.69
25038571,DIGITAL-MEDIA,7.61,0.0,12.69
30608780,SALES,7.6,0.0,12.67
26829350,BPO,7.6,0.0,12.67
22593054,ARTS,7.6,0.0,12.66
13352113,HEALTHCARE,7.59,0.0,12.65
18242317,AGRICULTURE,7.58,0.0,12.64
14790629,AVIATION,7.58,0.0,12.63
36727173,AVIATION,7.58,0.0,12.64
25070914,PUBLIC-RELATIONS,7.58,0.0,12.64
31556198,FITNESS,7.58,0.0,12.63
24590489,PUBLIC-RELATIONS,7.57,0.0,12.61
11616482,TEACHER,7.57,0.0,12.62
22732234,AUTOMOBILE,7.57,0.0,12.62
25624652,BANKING,7.55,0.0,12.59
27796199,BUSINESS-DEVELOPMENT,7.55,0.0,12.59
14176254,ADVOCATE,7.53,0.0,12.55
13807808,APPAREL,7.52,0.0,12.53
26098594,APPAREL,7.51,0.0,12.52
27096796,ARTS,7.51,0.0,12.52
32954522,DESIGNER,7.51,0.0,12.51
12021752,BANKING,7.5,0.0,12.5
20604208,ADVOCATE,7.5,0.0,12.5
13264154,CHEF,7.49,0.0,12.48
49646155,AVIATION,7.49,0.0,12.48
35422305,HEALTHCARE,7.48,0.0,12.47
14128006,PUBLIC-RELATIONS,7.48,0.0,12.47
23004695,FITNESS,7.48,0.0,12.46
29267293,TEACHER,7.47,0.0,12.45
24828381,CONSULTANT,7.46,0.0,12.44
11653906,HEALTHCARE,7.45,0.0,12.41
12545844,PUBLIC-RELATIONS,7.45,0.0,12.42
34797369,BUSINESS-DEVELOPMENT,7.45,0.0,12.41
16964217,CONSULTANT,7.45,0.0,12.42
28092317,CHEF,7.43,0.0,12.39
18062906,SALES,7.42,0.0,12.37
37560528,ADVOCATE,7.42,0.0,12.36
10005171,DIGITAL-MEDIA,7.42,0.0,12.36
12491898,CONSTRUCTION,7.39,0.0,12.32
25839123,SALES,7.39,0.0,12.32
11490673,FINANCE,7.39,0.0,12.31
68338341,CHEF,7.39,0.0,12.32
12567516,PUBLIC-RELATIONS,7.38,0.0,12.3
33964275,CHEF,7.38,0.0,12.3
27397245,FITNESS,7.37,0.0,12.29
11289482,BUSINESS-DEVELOPMENT,7.37,0.0,12.29
38108845,FITNESS,7.37,0.0,12.29
13491889,ACCOUNTANT,7.36,0.0,12.27
47067533,BUSINESS-DEVELOPMENT,7.35,0.0,12.25
16694152,BUSINESS-DEVELOPMENT,7.35,0.0,12.25
36868767,HEALTHCARE,7.35,0.0,12.25
61634281,FINANCE,7.34,0.0,12.24
34970271,ADVOCATE,7.33,0.0,12.21
28933005,TEACHER,7.33,0.0,12.22
50432401,ARTS,7.31,0.0,12.19
17165107,ADVOCATE,7.31,0.0,12.18
16066857,CHEF,7.3,0.0,12.17
27917969,HEALTHCARE,7.3,0.0,12.17
91533580,APPAREL,7.29,0.0,12.15
17509935,SALES,7.29,0.0,12.15
20110597,HEALTHCARE,7.29,0.0,12.15
15575117,HR,7.27,0.0,12.11
31162167,DIGITAL-MEDIA,7.27,0.0,12.11
20393721,ACCOUNTANT,7.25,0.0,12.08
91072502,CHEF,7.25,0.0,12.08
14470533,ACCOUNTANT,7.25,0.0,12.09
41651672,BANKING,7.24,0.0,12.06
13809698,ADVOCATE,7.21,0.0,12.01
18805506,BANKING,7.21,0.0,12.02
91268638,CHEF,7.21,0.0,12.01
12386670,ARTS,7.2,0.0,12.0
81217013,FINANCE,7.17,0.0,11.95
17545780,HEALTHCARE,7.17,0.0,11.95
59487170,FITNESS,7.16,0.0,11.94
24530382,FINANCE,7.16,0.0,11.93
12019284,FITNESS,7.16,0.0,11.93
30430249,APPAREL,7.16,0.0,11.93
91026230,APPAREL,7.14,0.0,11.9
35554162,ACCOUNTANT,7.13,0.0,11.89
37997506,ACCOUNTANT,7.12,0.0,11.87
75057933,ADVOCATE,7.12,0.0,11.86
24533931,APPAREL,7.12,0.0,11.86
24154692,AVIATION,7.12,0.0,11.86
33803142,HEALTHCARE,7.11,0.0,11.85
86595128,FINANCE,7.11,0.0,11.85
28969385,ACCOUNTANT,7.11,0.0,11.85
17960690,HEALTHCARE,7.09,0.0,11.82
21611637,CHEF,7.09,0.0,11.82
15354126,CHEF,7.08,0.0,11.8
29072179,CHEF,7.08,0.0,11.8
76454959,FINANCE,7.07,0.0,11.79
11637468,BANKING,7.07,0.0,11.79
21550454,TEACHER,7.07,0.0,11.78
28831442,PUBLIC-RELATIONS,7.05,0.0,11.75
57088974,FINANCE,7.04,0.0,11.74
23810469,DIGITAL-MEDIA,7.03,0.0,11.72
14536764,PUBLIC-RELATIONS,7.01,0.0,11.69
15535408,APPAREL,7.01,0.0,11.68
70196518,DIGITAL-MEDIA,6.99,0.0,11.65
22894544,CONSTRUCTION,6.99,0.0,11.65
97123005,FITNESS,6.97,0.0,11.61
10953078,AGRICULTURE,6.97,0.0,11.62
23734441,ACCOUNTANT,6.96,0.0,11.6
20272792,ADVOCATE,6.95,0.0,11.58
10268614,FITNESS,6.95,0.0,11.58
22249155,APPAREL,6.95,0.0,11.59
17150707,HR,6.95,0.0,11.59
12059610,APPAREL,6.94,0.0,11.56
24583187,DESIGNER,6.94,0.0,11.56
82649935,ACCOUNTANT,6.94,0.0,11.57
27091280,APPAREL,6.94,0.0,11.56
22556198,CONSULTANT,6.94,0.0,11.56
17274759,AVIATION,6.92,0.0,11.54
28325193,ARTS,6.92,0.0,11.53
66683238,TEACHER,6.92,0.0,11.54
22807104,TEACHER,6.91,0.0,11.52
26289308,HR,6.91,0.0,11.52
23944036,HEALTHCARE,6.9,0.0,11.5
33665485,APPAREL,6.9,0.0,11.5
15727656,ADVOCATE,6.89,0.0,11.49
17602815,BUSINESS-DEVELOPMENT,6.89,0.0,11.49
19818707,AVIATION,6.88,0.0,11.47
11209758,CHEF,6.88,0.0,11.47
11197262,AGRICULTURE,6.88,0.0,11.46
33344933,ARTS,6.88,0.0,11.47
39581020,SALES,6.88,0.0,11.46
10333299,CHEF,6.86,0.0,11.44
11958994,DESIGNER,6.86,0.0,11.44
45462344,PUBLIC-RELATIONS,6.85,0.0,11.41
27662298,CHEF,6.85,0.0,11.41
20698469,ARTS,6.85,0.0,11.41
12082377,SALES,6.85,0.0,11.41
17166018,FITNESS,6.85,0.0,11.41
19518606,ADVOCATE,6.84,0.0,11.4
75744306,HEALTHCARE,6.83,0.0,11.39
18885767,ARTS,6.83,0.0,11.39
27246366,CONSTRUCTION,6.82,0.0,11.37
20835760,HEALTHCARE,6.82,0.0,11.36
39064638,ARTS,6.82,0.0,11.36
26459032,FITNESS,6.81,0.0,11.35
16226743,PUBLIC-RELATIONS,6.8,0.0,11.34
28086303,TEACHER,6.8,0.0,11.34
11698189,HR,6.79,0.0,11.31
22884757,TEACHER,6.78,0.0,11.3
12059198,BUSINESS-DEVELOPMENT,6.76,0.0,11.27
28298773,ACCOUNTANT,6.76,0.0,11.26
24703983,AUTOMOBILE,6.76,0.0,11.27
22442947,AVIATION,6.74,0.0,11.23
13095891,CHEF,6.72,0.0,11.2
16511249,SALES,6.69,0.0,11.15
22423839,BUSINESS-DEVELOPMENT,6.69,0.0,11.15
37660306,TEACHER,6.68,0.0,11.14
29425788,FITNESS,6.66,0.0,11.1
20544228,ADVOCATE,6.66,0.0,11.1
13405229,AVIATION,6.66,0.0,11.1
20082776,ACCOUNTANT,6.65,0.0,11.09
20230207,TEACHER,6.65,0.0,11.08
15041689,HR,6.63,0.0,11.05
18932512,AUTOMOBILE,6.62,0.0,11.04
96493528,BANKING,6.62,0.0,11.04
21101152,CHEF,6.62,0.0,11.04
72652441,ADVOCATE,6.61,0.0,11.02
32794700,ARTS,6.61,0.0,11.01
30709029,BPO,6.61,0.0,11.02
90629382,BUSINESS-DEVELOPMENT,6.61,0.0,11.02
28949406,CONSTRUCTION,6.61,0.0,11.01
31273413,ARTS,6.59,0.0,10.99
15699744,CONSULTANT,6.59,0.0,10.99
31454430,SALES,6.58,0.0,10.96
13701259,ACCOUNTANT,6.58,0.0,10.97
14910300,PUBLIC-RELATIONS,6.57,0.0,10.95
28175164,HR,6.56,0.0,10.94
27689009,AGRICULTURE,6.55,0.0,10.91
22408666,TEACHER,6.55,0.0,10.92
38907798,FINANCE,6.55,0.0,10.91
23190306,APPAREL,6.54,0.0,10.9
25924968,CHEF,6.53,0.0,10.88
29306433,FITNESS,6.51,0.0,10.85
14491649,ACCOUNTANT,6.5,0.0,10.83
66906212,TEACHER,6.5,0.0,10.83
92524964,FINANCE,6.49,0.0,10.82
15899269,TEACHER,6.49,0.0,10.81
31016926,CONSULTANT,6.49,0.0,10.82
18856440,CONSULTANT,6.48,0.0,10.8
14698557,APPAREL,6.47,0.0,10.79
37374340,HEALTHCARE,6.47,0.0,10.78
19072267,PUBLIC-RELATIONS,6.47,0.0,10.79
21511817,CHEF,6.46,0.0,10.77
18636651,FINANCE,6.44,0.0,10.74
14445309,ADVOCATE,6.44,0.0,10.73
19545827,ACCOUNTANT,6.44,0.0,10.73
25127518,ACCOUNTANT,6.44,0.0,10.73
23631188,AGRICULTURE,6.41,0.0,10.69
78257294,ACCOUNTANT,6.4,0.0,10.66
49119887,PUBLIC-RELATIONS,6.38,0.0,10.63
18369400,BANKING,6.38,0.0,10.64
16519708,BUSINESS-DEVELOPMENT,6.38,0.0,10.63
17311685,TEACHER,6.37,0.0,10.61
58208591,APPAREL,6.36,0.0,10.6
15425154,DESIGNER,6.35,0.0,10.58
21595057,SALES,6.35,0.0,10.58
27694040,APPAREL,6.35,0.0,10.59
40987524,SALES,6.34,0.0,10.57
81310245,BUSINESS-DEVELOPMENT,6.31,0.0,10.51
23568731,CHEF,6.31,0.0,10.52
65237556,PUBLIC-RELATIONS,6.31,0.0,10.51
11551946,BUSINESS-DEVELOPMENT,6.29,0.0,10.49
45907524,HEALTHCARE,6.29,0.0,10.48
30990885,FITNESS,6.29,0.0,10.48
28423028,HEALTHCARE,6.26,0.0,10.43
79041971,BANKING,6.25,0.0,10.42
35985133,APPAREL,6.25,0.0,10.41
15265464,ARTS,6.23,0.0,10.38
13812481,SALES,6.23,0.0,10.38
33542483,DIGITAL-MEDIA,6.23,0.0,10.38
12802330,ACCOUNTANT,6.22,0.0,10.37
27788376,CONSULTANT,6.2,0.0,10.33
29483501,CONSTRUCTION,6.18,0.0,10.3
19124258,ENGINEERING,6.17,0.0,10.29
31025785,BANKING,6.17,0.0,10.28
13593241,ADVOCATE,6.16,0.0,10.26
23939133,TEACHER,6.16,0.0,10.27
23760084,SALES,6.16,0.0,10.27
83566455,APPAREL,6.16,0.0,10.27
25862026,ACCOUNTANT,6.16,0.0,10.26
30311725,CONSTRUCTION,6.14,0.0,10.23
24977396,PUBLIC-RELATIONS,6.13,0.0,10.21
57601040,CONSULTANT,6.13,0.0,10.21
34816637,ACCOUNTANT,6.13,0.0,10.22
18480859,CHEF,6.12,0.0,10.2
26932091,SALES,6.1,0.0,10.17
84356308,FINANCE,6.1,0.0,10.17
39308779,CONSULTANT,6.08,0.0,10.13
29764492,APPAREL,6.07,0.0,10.11
24548333,HEALTHCARE,6.07,0.0,10.11
68240723,DESIGNER,6.05,0.0,10.09
22855060,FITNESS,6.04,0.0,10.06
24754689,ADVOCATE,6.04,0.0,10.07
14849103,CONSTRUCTION,6.02,0.0,10.04
78229715,FINANCE,6.02,0.0,10.04
19724031,ARTS,6.01,0.0,10.02
10466208,HEALTHCARE,6.01,0.0,10.01
20836112,FINANCE,6.0,0.0,10.0
12467531,TEACHER,5.99,0.0,9.98
10182582,APPAREL,5.98,0.0,9.96
26767199,FINANCE,5.98,0.0,9.96
10653119,CHEF,5.96,0.0,9.93
12442909,ACCOUNTANT,5.95,0.0,9.92
18731098,HR,5.93,0.0,9.88
12668625,APPAREL,5.9,0.0,9.83
53129155,TEACHER,5.9,0.0,9.83
11943065,TEACHER,5.89,0.0,9.81
18640927,FINANCE,5.89,0.0,9.81
18905648,DIGITAL-MEDIA,5.89,0.0,9.81
20321582,CHEF,5.87,0.0,9.79
69859102,AGRICULTURE,5.86,0.0,9.76
12171093,ADVOCATE,5.86,0.0,9.76
12341902,AGRICULTURE,5.85,0.0,9.75
19444529,DIGITAL-MEDIA,5.85,0.0,9.75
36074301,SALES,5.85,0.0,9.75
62870550,FITNESS,5.84,0.0,9.74
31710562,BANKING,5.84,0.0,9.73
81042872,AGRICULTURE,5.83,0.0,9.71
17021141,ADVOCATE,5.82,0.0,9.7
37375999,PUBLIC-RELATIONS,5.82,0.0,9.7
27558837,ACCOUNTANT,5.81,0.0,9.68
34151183,FITNESS,5.81,0.0,9.69
24410405,ADVOCATE,5.8,0.0,9.66
75435017,ADVOCATE,5.79,0.0,9.65
36366044,CHEF,5.78,0.0,9.64
20138606,ADVOCATE,5.75,0.0,9.58
18236085,BUSINESS-DEVELOPMENT,5.74,0.0,9.57
28290448,PUBLIC-RELATIONS,5.74,0.0,9.56
15261348,CHEF,5.72,0.0,9.54
28871170,ADVOCATE,5.71,0.0,9.52
31114531,ARTS,5.71,0.0,9.51
35571205,APPAREL,5.71,0.0,9.51
20969119,AGRICULTURE,5.71,0.0,9.51
20006992,AGRICULTURE,5.71,0.0,9.51
41590605,PUBLIC-RELATIONS,5.7,0.0,9.5
27980446,ACCOUNTANT,5.69,0.0,9.49
13574264,BUSINESS-DEVELOPMENT,5.69,0.0,9.48
16492045,BPO,5.69,0.0,9.48
11152490,AUTOMOBILE,5.68,0.0,9.47
15154822,APPAREL,5.68,0.0,9.47
25694422,CONSULTANT,5.68,0.0,9.47
27715131,ARTS,5.68,0.0,9.46
13330982,TEACHER,5.68,0.0,9.47
36269672,DESIGNER,5.65,0.0,9.41
34452806,CHEF,5.64,0.0,9.4
14879257,ARTS,5.62,0.0,9.37
23009962,AUTOMOBILE,5.6,0.0,9.33
14248724,ARTS,5.59,0.0,9.32
31042953,FITNESS,5.59,0.0,9.31
17008356,AVIATION,5.59,0.0,9.31
19302310,TEACHER,5.58,0.0,9.3
12897903,CONSULTANT,5.57,0.0,9.28
14014749,DESIGNER,5.57,0.0,9.28
29928796,SALES,5.56,0.0,9.26
19285236,CHEF,5.54,0.0,9.23
24708621,FITNESS,5.54,0.0,9.23
12122372,APPAREL,5.53,0.0,9.21
20279756,FITNESS,5.53,0.0,9.22
20033302,CHEF,5.53,0.0,9.22
24412546,BUSINESS-DEVELOPMENT,5.51,0.0,9.18
14722634,FINANCE,5.51,0.0,9.18
10186968,ADVOCATE,5.51,0.0,9.19
78273826,APPAREL,5.51,0.0,9.18
10235429,FITNESS,5.49,0.0,9.15
34594746,HEALTHCARE,5.47,0.0,9.11
36206485,TEACHER,5.45,0.0,9.09
20918464,FINANCE,5.45,0.0,9.08
75297735,HEALTHCARE,5.45,0.0,9.08
23577836,ADVOCATE,5.45,0.0,9.09
19508520,ARTS,5.44,0.0,9.06
30083943,SALES,5.44,0.0,9.07
11270462,DIGITAL-MEDIA,5.42,0.0,9.03
12587973,TEACHER,5.42,0.0,9.04
14752209,BUSINESS-DEVELOPMENT,5.42,0.0,9.03
21570485,APPAREL,5.41,0.0,9.02
95350373,CONSULTANT,5.39,0.0,8.99
27974588,FITNESS,5.39,0.0,8.98
28419927,BANKING,5.38,0.0,8.97
36625776,HEALTHCARE,5.35,0.0,8.91
13727873,PUBLIC-RELATIONS,5.34,0.0,8.9
25723793,DIGITAL-MEDIA,5.34,0.0,8.9
17880988,FINANCE,5.33,0.0,8.88
91564103,FINANCE,5.33,0.0,8.88
17325147,ARTS,5.32,0.0,8.86
16172429,AGRICULTURE,5.31,0.0,8.85
14958913,TEACHER,5.3,0.0,8.83
17286050,FITNESS,5.27,0.0,8.79
29792535,FITNESS,5.27,0.0,8.78
29332616,SALES,5.25,0.0,8.75
28111403,ADVOCATE,5.24,0.0,8.73
62184086,TEACHER,5.24,0.0,8.74
76196367,TEACHER,5.24,0.0,8.73
20141807,SALES,5.23,0.0,8.71
28975482,PUBLIC-RELATIONS,5.22,0.0,8.7
21568833,CONSULTANT,5.22,0.0,8.7
19540089,FINANCE,5.21,0.0,8.68
30741799,ADVOCATE,5.21,0.0,8.69
75329822,PUBLIC-RELATIONS,5.2,0.0,8.66
13376919,HR,5.2,0.0,8.66
45987048,TEACHER,5.19,0.0,8.65
27820360,CHEF,5.18,0.0,8.63
21178545,FITNESS,5.17,0.0,8.62
13348915,SALES,5.16,0.0,8.6
14825300,BUSINESS-DEVELOPMENT,5.15,0.0,8.58
26330995,PUBLIC-RELATIONS,5.14,0.0,8.57
19938081,FITNESS,5.12,0.0,8.54
90468982,ADVOCATE,5.11,0.0,8.51
24589765,AVIATION,5.11,0.0,8.51
24516163,APPAREL,5.07,0.0,8.45
39675895,FINANCE,5.06,0.0,8.43
18436190,PUBLIC-RELATIONS,5.05,0.0,8.42
49997097,ACCOUNTANT,5.05,0.0,8.42
37292350,AGRICULTURE,5.02,0.0,8.37
59422148,SALES,5.02,0.0,8.36
15471999,DESIGNER,5.02,0.0,8.36
13072354,ADVOCATE,5.0,0.0,8.34
25142074,APPAREL,5.0,0.0,8.33
27937592,BUSINESS-DEVELOPMENT,5.0,0.0,8.33
27914096,FINANCE,4.99,0.0,8.31
11332602,FITNESS,4.98,0.0,8.3
26425074,SALES,4.98,0.0,8.3
14945250,DIGITAL-MEDIA,4.97,0.0,8.28
82140102,AUTOMOBILE,4.97,0.0,8.29
12674307,DESIGNER,4.94,0.0,8.23
43685045,ACCOUNTANT,4.93,0.0,8.21
36425270,ACCOUNTANT,4.9,0.0,8.17
10464113,SALES,4.9,0.0,8.16
12544735,ADVOCATE,4.88,0.0,8.14
25413261,PUBLIC-RELATIONS,4.87,0.0,8.11
34962725,HEALTHCARE,4.87,0.0,8.12
23602130,PUBLIC-RELATIONS,4.87,0.0,8.11
31392754,PUBLIC-RELATIONS,4.87,0.0,8.12
21386255,PUBLIC-RELATIONS,4.85,0.0,8.08
23438112,ACCOUNTANT,4.83,0.0,8.05
65373280,CHEF,4.82,0.0,8.04
91116867,CONSULTANT,4.81,0.0,8.02
36139251,FITNESS,4.81,0.0,8.02
14966165,PUBLIC-RELATIONS,4.81,0.0,8.02
30713796,BANKING,4.79,0.0,7.98
11850315,PUBLIC-RELATIONS,4.72,0.0,7.87
16702198,HEALTHCARE,4.7,0.0,7.83
90685127,DIGITAL-MEDIA,4.7,0.0,7.83
23513618,ACCOUNTANT,4.69,0.0,7.81
36694627,ADVOCATE,4.67,0.0,7.79
32637306,CONSULTANT,4.66,0.0,7.76
24411323,FINANCE,4.65,0.0,7.75
86551046,CHEF,4.65,0.0,7.75
22706174,DIGITAL-MEDIA,4.63,0.0,7.72
19053815,DIGITAL-MEDIA,4.63,0.0,7.71
63137898,ACCOUNTANT,4.62,0.0,7.7
12254068,CHEF,4.62,0.0,7.7
19556300,TEACHER,4.61,0.0,7.69
29639533,TEACHER,4.6,0.0,7.66
47996197,HEALTHCARE,4.59,0.0,7.65
14455622,AUTOMOBILE,4.58,0.0,7.63
30361788,ACCOUNTANT,4.57,0.0,7.61
38291889,ADVOCATE,4.54,0.0,7.56
24994145,FITNESS,4.54,0.0,7.56
26160200,DIGITAL-MEDIA,4.53,0.0,7.55
19861776,DIGITAL-MEDIA,4.51,0.0,7.52
29521434,APPAREL,4.5,0.0,7.5
14761906,DIGITAL-MEDIA,4.49,0.0,7.48
38860712,ADVOCATE,4.46,0.0,7.44
92122785,CHEF,4.43,0.0,7.38
24703009,ACCOUNTANT,4.43,0.0,7.38
23807940,CHEF,4.43,0.0,7.39
27000192,PUBLIC-RELATIONS,4.42,0.0,7.36
35164503,FITNESS,4.41,0.0,7.35
17306905,ACCOUNTANT,4.37,0.0,7.28
25330083,FINANCE,4.35,0.0,7.25
69487178,FINANCE,4.33,0.0,7.22
30642458,PUBLIC-RELATIONS,4.33,0.0,7.22
17510973,AUTOMOBILE,4.33,0.0,7.22
17571262,AUTOMOBILE,4.33,0.0,7.22
31201660,CONSULTANT,4.3,0.0,7.16
23185829,CHEF,4.27,0.0,7.11
36904300,SALES,4.27,0.0,7.12
31220062,PUBLIC-RELATIONS,4.24,0.0,7.06
23929500,SALES,4.22,0.0,7.04
94492380,DIGITAL-MEDIA,4.19,0.0,6.98
26530575,FINANCE,4.19,0.0,6.99
63670997,CONSULTANT,4.15,0.0,6.92
18001081,TEACHER,4.15,0.0,6.92
31040875,ADVOCATE,4.14,0.0,6.9
16210888,TEACHER,4.13,0.0,6.89
33236701,SALES,4.13,0.0,6.88
27257013,PUBLIC-RELATIONS,4.12,0.0,6.86
29998869,FINANCE,4.12,0.0,6.87
11088337,BUSINESS-DEVELOPMENT,4.11,0.0,6.85
39875803,BUSINESS-DEVELOPMENT,4.11,0.0,6.85
29456173,ACCOUNTANT,4.1,0.0,6.84
26079779,ARTS,4.04,0.0,6.74
12791244,FITNESS,4.04,0.0,6.74
27126818,TEACHER,4.02,0.0,6.7
57575888,FITNESS,4.0,0.0,6.66
41586420,APPAREL,4.0,0.0,6.67
11842274,PUBLIC-RELATIONS,3.99,0.0,6.65
26586477,APPAREL,3.98,0.0,6.64
23631724,PUBLIC-RELATIONS,3.96,0.0,6.6
18586076,ARTS,3.91,0.0,6.51
16426777,FINANCE,3.89,0.0,6.48
23427369,ADVOCATE,3.88,0.0,6.46
40882926,AGRICULTURE,3.88,0.0,6.46
13858219,APPAREL,3.83,0.0,6.38
25749150,ACCOUNTANT,3.82,0.0,6.36
53169257,ADVOCATE,3.79,0.0,6.31
12820557,SALES,3.75,0.0,6.25
12920612,PUBLIC-RELATIONS,3.73,0.0,6.22
14886205,HR,3.73,0.0,6.22
17163375,FITNESS,3.72,0.0,6.2
27233183,SALES,3.71,0.0,6.18
58165257,FINANCE,3.7,0.0,6.16
59450123,FINANCE,3.69,0.0,6.15
10554236,ACCOUNTANT,3.68,0.0,6.14
25810233,SALES,3.67,0.0,6.11
98086373,PUBLIC-RELATIONS,3.66,0.0,6.1
21614256,ADVOCATE,3.64,0.0,6.07
23673025,PUBLIC-RELATIONS,3.64,0.0,6.06
20691949,CHEF,3.62,0.0,6.03
10466583,DESIGNER,3.59,0.0,5.98
19920687,BANKING,3.58,0.0,5.97
16915389,APPAREL,3.58,0.0,5.96
40792022,BUSINESS-DEVELOPMENT,3.56,0.0,5.94
19671909,ARTS,3.52,0.0,5.87
16280971,SALES,3.5,0.0,5.84
18525641,DIGITAL-MEDIA,3.48,0.0,5.8
17410700,SALES,3.48,0.0,5.8
17584743,DIGITAL-MEDIA,3.47,0.0,5.78
96260484,HEALTHCARE,3.46,0.0,5.76
21122155,FITNESS,3.44,0.0,5.74
79536879,AGRICULTURE,3.43,0.0,5.71
27084878,FITNESS,3.43,0.0,5.72
24251588,FITNESS,3.42,0.0,5.7
21190805,AVIATION,3.38,0.0,5.63
89508407,ADVOCATE,3.38,0.0,5.64
15821633,ACCOUNTANT,3.35,0.0,5.58
20819838,SALES,3.34,0.0,5.57
23771896,PUBLIC-RELATIONS,3.29,0.0,5.48
96761538,FITNESS,3.29,0.0,5.49
32140087,SALES,3.29,0.0,5.49
16270906,TEACHER,3.23,0.0,5.38
29865476,DESIGNER,3.19,0.0,5.32
23139437,ARTS,3.15,0.0,5.25
10070224,PUBLIC-RELATIONS,3.14,0.0,5.23
11624880,PUBLIC-RELATIONS,3.13,0.0,5.21
38688388,BUSINESS-DEVELOPMENT,3.13,0.0,5.22
28867567,SALES,3.09,0.0,5.15
15936656,DESIGNER,3.08,0.0,5.14
22025574,BUSINESS-DEVELOPMENT,3.08,0.0,5.13
37750854,APPAREL,3.03,0.0,5.05
15484011,AUTOMOBILE,3.02,0.0,5.04
17714174,APPAREL,2.97,0.0,4.95
23396633,BUSINESS-DEVELOPMENT,2.96,0.0,4.94
88038965,FINANCE,2.87,0.0,4.79
23296286,SALES,2.84,0.0,4.73
26231609,FINANCE,2.81,0.0,4.69
61319162,PUBLIC-RELATIONS,2.8,0.0,4.66
25001005,PUBLIC-RELATIONS,2.78,0.0,4.63
24103168,ACCOUNTANT,2.77,0.0,4.62
14009087,PUBLIC-RELATIONS,2.73,0.0,4.55
10541358,BUSINESS-DEVELOPMENT,2.71,0.0,4.52
70750649,APPAREL,2.71,0.0,4.52
13386301,APPAREL,2.66,0.0,4.44
17152392,AVIATION,2.59,0.0,4.32
80527194,CONSULTANT,2.57,0.0,4.28
15313140,ADVOCATE,2.57,0.0,4.28
10428916,FITNESS,2.56,0.0,4.27
17396388,BANKING,2.55,0.0,4.25
37087371,PUBLIC-RELATIONS,2.53,0.0,4.22
11232471,APPAREL,2.51,0.0,4.19
14106638,FINANCE,2.48,0.0,4.13
15918496,SALES,2.48,0.0,4.13
17624934,HEALTHCARE,2.45,0.0,4.08
23568641,BUSINESS-DEVELOPMENT,2.36,0.0,3.94
15592167,ACCOUNTANT,2.35,0.0,3.91
10076271,HEALTHCARE,2.29,0.0,3.81
66741193,FINANCE,2.27,0.0,3.78
10816645,FITNESS,2.26,0.0,3.77
58428843,SALES,2.25,0.0,3.75
30938994,BUSINESS-DEVELOPMENT,2.21,0.0,3.68
11432686,CHEF,2.09,0.0,3.48
14304010,APPAREL,2.05,0.0,3.41
13764840,APPAREL,2.05,0.0,3.42
15680735,HEALTHCARE,2.04,0.0,3.4
91197243,PUBLIC-RELATIONS,2.0,0.0,3.33
29165698,FITNESS,1.96,0.0,3.26
12632728,BUSINESS-DEVELOPMENT,1.94,0.0,3.24
16962067,ARTS,1.91,0.0,3.18
12237267,PUBLIC-RELATIONS,1.9,0.0,3.16
21549195,PUBLIC-RELATIONS,1.84,0.0,3.07
11635137,PUBLIC-RELATIONS,1.76,0.0,2.93
86322251,TEACHER,1.74,0.0,2.9
16474898,FITNESS,1.73,0.0,2.89
22047665,SALES,1.73,0.0,2.89
13393401,BANKING,1.69,0.0,2.81
54259150,FITNESS,1.58,0.0,2.64
29805310,SALES,1.4,0.0,2.33
85973397,PUBLIC-RELATIONS,1.31,0.0,2.18
22852364,APPAREL,1.24,0.0,2.06
20423658,SALES,1.19,0.0,1.98
19503224,PUBLIC-RELATIONS,0.97,0.0,1.61
45900271,PUBLIC-RELATIONS,0.77,0.0,1.29
59346975,PUBLIC-RELATIONS,0.58,0.0,0.97
11160414,PUBLIC-RELATIONS,0.42,0.0,0.7
37739183,DIGITAL-MEDIA,0.4,0.0,0.66
16620172,PUBLIC-RELATIONS,0.29,0.0,0.48
80876647,HEALTHCARE,0.11,0.0,0.19
20488267,ARTS,0.09,0.0,0.15
51415089,PUBLIC-RELATIONS,0.07,0.0,0.11
87118391,SALES,-0.02,0.0,-0.04
15790602,AUTOMOBILE,-0.05,0.0,-0.09
10818478,ADVOCATE,-0.66,0.0,-1.1
15917885,PUBLIC-RELATIONS,-0.69,0.0,-1.15
23143731,PUBLIC-RELATIONS,-1.39,0.0,-2.32
